,year,country,region,happiness_rank,happiness_score,gdp_per_capita,freedom,generosity,health
0,2015,Switzerland,Western Europe,1,7.587,1.39651,0.66557,0.29678,0.94143
1,2015,Iceland,Western Europe,2,7.561,1.30232,0.62877,0.4363,0.94784
2,2015,Denmark,Western Europe,3,7.527,1.32548,0.64938,0.34139,0.87464
3,2015,Norway,Western Europe,4,7.522,1.459,0.66973,0.34699,0.88521
4,2015,Canada,North America,5,7.427,1.32629,0.63297,0.45811,0.90563
5,2015,Finland,Western Europe,6,7.406,1.29025,0.64169,0.23351,0.88911
6,2015,Netherlands,Western Europe,7,7.378,1.32944,0.61576,0.4761,0.89284
7,2015,Sweden,Western Europe,8,7.364,1.33171,0.6598,0.36262,0.91087
8,2015,New Zealand,Australia and New Zealand,9,7.286,1.25018,0.63938,0.47501,0.90837
9,2015,Australia,Australia and New Zealand,10,7.284,1.33358,0.65124,0.43562,0.93156
10,2015,Israel,Middle East and Northern Africa,11,7.278,1.22857,0.41319,0.33172,0.91387
11,2015,Costa Rica,Latin America and Caribbean,12,7.226,0.95578,0.63376,0.25497,0.86027
12,2015,Austria,Western Europe,13,7.2,1.33723,0.62433,0.33088,0.89042
13,2015,Mexico,Latin America and Caribbean,14,7.187,1.02054,0.48181,0.14074,0.81444
14,2015,United States,North America,15,7.119,1.39451,0.54604,0.40105,0.86179
15,2015,Brazil,Latin America and Caribbean,16,6.983,0.98124,0.49049,0.14574,0.69702
16,2015,Ireland,Western Europe,17,6.94,1.33596,0.61777,0.45901,0.89533
17,2015,Belgium,Western Europe,18,6.937,1.30782,0.5845,0.2225,0.89667
18,2015,United Arab Emirates,Middle East and Northern Africa,19,6.901,1.42727,0.64157,0.26428,0.80925
19,2015,United Kingdom,Western Europe,20,6.867,1.26637,0.59625,0.51912,0.90943
20,2015,Venezuela,Latin America and Caribbean,21,6.81,1.04424,0.42908,0.05841,0.72052
21,2015,Singapore,Southeastern Asia,22,6.798,1.52186,0.54252,0.31105,1.02525
22,2015,Panama,Latin America and Caribbean,23,6.786,1.06353,0.5421,0.24434,0.79661
23,2015,Germany,Western Europe,24,6.75,1.32792,0.61477,0.28214,0.89186
24,2015,Chile,Latin America and Caribbean,25,6.67,1.10715,0.44132,0.33363,0.85857
25,2015,France,Western Europe,26,6.575,1.27778,0.55011,0.12332,0.94579
26,2015,Argentina,Latin America and Caribbean,27,6.574,1.05351,0.44974,0.11451,0.78723
27,2015,Uruguay,Latin America and Caribbean,28,6.485,1.06166,0.60362,0.2324,0.8116
28,2015,Colombia,Latin America and Caribbean,29,6.477,0.91861,0.53466,0.18401,0.69077
29,2015,Thailand,Southeastern Asia,30,6.455,0.9669,0.55664,0.5763,0.7385
30,2015,Saudi Arabia,Middle East and Northern Africa,31,6.411,1.39541,0.31048,0.13706,0.72025
31,2015,Spain,Western Europe,32,6.329,1.23011,0.45951,0.18227,0.95562
32,2015,Malta,Western Europe,33,6.302,1.2074,0.60365,0.51752,0.88721
33,2015,El Salvador,Latin America and Caribbean,34,6.13,0.76454,0.4035,0.10692,0.67737
34,2015,Uzbekistan,Central and Eastern Europe,35,6.003,0.63244,0.65821,0.22837,0.59772
35,2015,Slovakia,Central and Eastern Europe,36,5.995,1.16891,0.31751,0.16893,0.78902
36,2015,Japan,Eastern Asia,37,5.987,1.27074,0.49615,0.10705,0.99111
37,2015,South Korea,Eastern Asia,38,5.984,1.24461,0.33208,0.18557,0.96538
38,2015,Ecuador,Latin America and Caribbean,39,5.975,0.86402,0.48574,0.11541,0.79075
39,2015,Bahrain,Middle East and Northern Africa,40,5.96,1.32376,0.45492,0.17362,0.74716
40,2015,Italy,Western Europe,41,5.948,1.25114,0.26236,0.22823,0.95446
41,2015,Bolivia,Latin America and Caribbean,42,5.89,0.68133,0.57414,0.20536,0.5392
42,2015,Moldova,Central and Eastern Europe,43,5.889,0.59448,0.32818,0.20951,0.61826
43,2015,Paraguay,Latin America and Caribbean,44,5.878,0.75985,0.53899,0.3424,0.66098
44,2015,Kazakhstan,Central and Eastern Europe,45,5.855,1.12254,0.51649,0.11827,0.64368
45,2015,Slovenia,Central and Eastern Europe,46,5.848,1.18498,0.60855,0.25328,0.87337
46,2015,Lithuania,Central and Eastern Europe,47,5.833,1.14723,0.21342,0.02641,0.73128
47,2015,Nicaragua,Latin America and Caribbean,48,5.828,0.59325,0.55475,0.27815,0.74314
48,2015,Peru,Latin America and Caribbean,49,5.824,0.90019,0.41496,0.14982,0.73017
49,2015,Poland,Central and Eastern Europe,50,5.791,1.12555,0.53122,0.16759,0.77903
50,2015,Malaysia,Southeastern Asia,51,5.77,1.12486,0.53024,0.33075,0.72394
51,2015,Croatia,Central and Eastern Europe,52,5.759,1.08254,0.25883,0.05444,0.78805
52,2015,Russia,Central and Eastern Europe,53,5.716,1.13764,0.36679,0.00199,0.66926
53,2015,Jamaica,Latin America and Caribbean,54,5.709,0.81038,0.50442,0.2123,0.68741
54,2015,Cyprus,Western Europe,55,5.689,1.20813,0.40672,0.30638,0.92356
55,2015,Algeria,Middle East and Northern Africa,56,5.605,0.93929,0.28579,0.07822,0.61766
56,2015,Kosovo,Central and Eastern Europe,57,5.589,0.80148,0.24749,0.2831,0.63132
57,2015,Mauritius,Sub-Saharan Africa,58,5.477,1.00761,0.56066,0.37744,0.7095
58,2015,Estonia,Central and Eastern Europe,59,5.429,1.15174,0.44888,0.0868,0.77361
59,2015,Indonesia,Southeastern Asia,60,5.399,0.82827,0.46611,0.51535,0.63793
60,2015,Vietnam,Southeastern Asia,61,5.36,0.63216,0.59444,0.1686,0.74676
61,2015,Turkey,Middle East and Northern Africa,62,5.332,1.06098,0.22815,0.12253,0.73172
62,2015,Kyrgyzstan,Central and Eastern Europe,63,5.286,0.47428,0.43477,0.3003,0.65088
63,2015,Nigeria,Sub-Saharan Africa,64,5.268,0.65435,0.34334,0.27233,0.16007
64,2015,Pakistan,Southern Asia,65,5.194,0.59543,0.12102,0.33671,0.51466
65,2015,Jordan,Middle East and Northern Africa,66,5.192,0.90198,0.40661,0.11053,0.69639
66,2015,Montenegro,Central and Eastern Europe,67,5.192,0.97438,0.1826,0.1614,0.72521
67,2015,China,Eastern Asia,68,5.14,0.89012,0.51697,0.08185,0.81658
68,2015,Zambia,Sub-Saharan Africa,69,5.129,0.47038,0.48827,0.19591,0.29924
69,2015,Romania,Central and Eastern Europe,70,5.124,1.04345,0.35068,0.13748,0.7689
70,2015,Serbia,Central and Eastern Europe,71,5.123,0.92053,0.20107,0.19231,0.74836
71,2015,Portugal,Western Europe,72,5.102,1.15991,0.51469,0.13719,0.87519
72,2015,Latvia,Central and Eastern Europe,73,5.098,1.11312,0.29671,0.18226,0.72437
73,2015,Philippines,Southeastern Asia,74,5.073,0.70532,0.62545,0.24991,0.58114
74,2015,Morocco,Middle East and Northern Africa,75,5.013,0.73479,0.41691,0.07172,0.60954
75,2015,Albania,Central and Eastern Europe,76,4.959,0.87867,0.35733,0.14272,0.81325
76,2015,Bosnia and Herzegovina,Central and Eastern Europe,77,4.949,0.83223,0.09245,0.24808,0.79081
77,2015,Dominican Republic,Latin America and Caribbean,78,4.885,0.89537,0.57672,0.21684,0.66825
78,2015,Mongolia,Eastern Asia,79,4.874,0.82819,0.43626,0.3323,0.60268
79,2015,Greece,Western Europe,80,4.857,1.15406,0.07699,0.0,0.88213
80,2015,Lebanon,Middle East and Northern Africa,81,4.839,1.02564,0.33916,0.21854,0.83947
81,2015,Hungary,Central and Eastern Europe,82,4.8,1.12094,0.32112,0.128,0.75905
82,2015,Honduras,Latin America and Caribbean,83,4.788,0.59532,0.40148,0.23027,0.6951
83,2015,Tajikistan,Central and Eastern Europe,84,4.786,0.39047,0.47216,0.22974,0.57379
84,2015,Tunisia,Middle East and Northern Africa,85,4.739,0.88113,0.26268,0.06431,0.73793
85,2015,Bangladesh,Southern Asia,86,4.694,0.39753,0.4082,0.21222,0.60164
86,2015,Iran,Middle East and Northern Africa,87,4.686,1.0088,0.30033,0.38086,0.69805
87,2015,Ukraine,Central and Eastern Europe,88,4.681,0.79907,0.25123,0.15275,0.6739
88,2015,Iraq,Middle East and Northern Africa,89,4.677,0.98549,0.0,0.17922,0.60237
89,2015,South Africa,Sub-Saharan Africa,90,4.642,0.92049,0.33207,0.11973,0.27688
90,2015,Ghana,Sub-Saharan Africa,91,4.633,0.54558,0.42342,0.23087,0.40132
91,2015,Zimbabwe,Sub-Saharan Africa,92,4.61,0.271,0.25861,0.18987,0.33475
92,2015,India,Southern Asia,93,4.565,0.64499,0.39786,0.26475,0.51529
93,2015,Nepal,Southern Asia,94,4.514,0.35997,0.38282,0.32296,0.56874
94,2015,Ethiopia,Sub-Saharan Africa,95,4.512,0.19073,0.4345,0.24325,0.44055
95,2015,Sierra Leone,Sub-Saharan Africa,96,4.507,0.33024,0.4084,0.21488,0.0
96,2015,Kenya,Sub-Saharan Africa,97,4.419,0.36471,0.42215,0.37542,0.41435
97,2015,Armenia,Central and Eastern Europe,98,4.35,0.76821,0.19847,0.07855,0.7299
98,2015,Myanmar,Southeastern Asia,99,4.307,0.27108,0.44017,0.79588,0.48246
99,2015,Georgia,Central and Eastern Europe,100,4.297,0.7419,0.40577,0.05547,0.72926
100,2015,Malawi,Sub-Saharan Africa,101,4.292,0.01604,0.43054,0.33128,0.22562
101,2015,Sri Lanka,Southern Asia,102,4.271,0.83524,0.53726,0.40828,0.70806
102,2015,Cameroon,Sub-Saharan Africa,103,4.252,0.4225,0.49309,0.20618,0.23402
103,2015,Bulgaria,Central and Eastern Europe,104,4.218,1.01216,0.30587,0.11921,0.76649
104,2015,Egypt,Middle East and Northern Africa,105,4.194,0.8818,0.17288,0.11291,0.61712
105,2015,Mali,Sub-Saharan Africa,106,3.995,0.26074,0.38857,0.18798,0.20583
106,2015,Uganda,Sub-Saharan Africa,107,3.931,0.21102,0.45727,0.29066,0.33861
107,2015,Senegal,Sub-Saharan Africa,108,3.904,0.36498,0.36772,0.20843,0.4354
108,2015,Gabon,Sub-Saharan Africa,109,3.896,1.06024,0.31914,0.06822,0.43372
109,2015,Cambodia,Southeastern Asia,110,3.819,0.46038,0.66246,0.40359,0.61114
110,2015,Tanzania,Sub-Saharan Africa,111,3.781,0.2852,0.32878,0.34377,0.38215
111,2015,Guinea,Sub-Saharan Africa,112,3.656,0.17417,0.37725,0.28657,0.24009
112,2015,Ivory Coast,Sub-Saharan Africa,113,3.655,0.46534,0.46866,0.20165,0.15185
113,2015,Burkina Faso,Sub-Saharan Africa,114,3.587,0.25812,0.39493,0.21747,0.27125
114,2015,Afghanistan,Southern Asia,115,3.575,0.31982,0.23414,0.3651,0.30335
115,2015,Benin,Sub-Saharan Africa,116,3.34,0.28665,0.4845,0.1826,0.3191
116,2015,Togo,Sub-Saharan Africa,117,2.839,0.20868,0.36453,0.16681,0.28443
117,2016,Denmark,Western Europe,1,7.526,1.44178,0.57941,0.36171,0.79504
118,2016,Switzerland,Western Europe,2,7.509,1.52733,0.58557,0.28083,0.86303
119,2016,Iceland,Western Europe,3,7.501,1.42666,0.56624,0.47678,0.86733
120,2016,Norway,Western Europe,4,7.498,1.57744,0.59609,0.37895,0.79579
121,2016,Finland,Western Europe,5,7.413,1.40598,0.57104,0.25492,0.81091
122,2016,Canada,North America,6,7.404,1.44015,0.5737,0.44834,0.8276
123,2016,Netherlands,Western Europe,7,7.339,1.46468,0.55211,0.47416,0.81231
124,2016,New Zealand,Australia and New Zealand,8,7.334,1.36066,0.58147,0.49401,0.83096
125,2016,Australia,Australia and New Zealand,9,7.313,1.44443,0.56837,0.47407,0.8512
126,2016,Sweden,Western Europe,10,7.291,1.45181,0.58218,0.38254,0.83121
127,2016,Israel,Middle East and Northern Africa,11,7.267,1.33766,0.36432,0.32288,0.84917
128,2016,Austria,Western Europe,12,7.119,1.45038,0.54355,0.32865,0.80565
129,2016,United States,North America,13,7.104,1.50796,0.48163,0.41077,0.779
130,2016,Costa Rica,Latin America and Caribbean,14,7.087,1.06879,0.55225,0.22553,0.76146
131,2016,Germany,Western Europe,15,6.994,1.44787,0.53466,0.30452,0.81487
132,2016,Brazil,Latin America and Caribbean,16,6.952,1.08754,0.40425,0.15776,0.61415
133,2016,Belgium,Western Europe,17,6.929,1.42539,0.51354,0.2424,0.81959
134,2016,Ireland,Western Europe,18,6.907,1.48341,0.54008,0.44963,0.81455
135,2016,Mexico,Latin America and Caribbean,19,6.778,1.11508,0.37709,0.11735,0.71143
136,2016,Singapore,Southeastern Asia,20,6.739,1.64555,0.4877,0.32706,0.94719
137,2016,United Kingdom,Western Europe,21,6.725,1.40283,0.50036,0.50156,0.80991
138,2016,Chile,Latin America and Caribbean,22,6.705,1.2167,0.37789,0.31595,0.81883
139,2016,Panama,Latin America and Caribbean,23,6.701,1.18306,0.48927,0.2418,0.70835
140,2016,Argentina,Latin America and Caribbean,24,6.65,1.15137,0.42284,0.10989,0.69711
141,2016,United Arab Emirates,Middle East and Northern Africa,25,6.573,1.57352,0.56215,0.26591,0.72993
142,2016,Uruguay,Latin America and Caribbean,26,6.545,1.18157,0.54388,0.18056,0.72183
143,2016,Malta,Western Europe,27,6.488,1.30782,0.54994,0.56237,0.80315
144,2016,Colombia,Latin America and Caribbean,28,6.481,1.03032,0.44735,0.15626,0.59659
145,2016,France,Western Europe,29,6.478,1.39488,0.46562,0.1216,0.83795
146,2016,Thailand,Southeastern Asia,30,6.474,1.0893,0.49553,0.58696,0.64915
147,2016,Saudi Arabia,Middle East and Northern Africa,31,6.379,1.48953,0.37904,0.15457,0.59267
148,2016,Spain,Western Europe,32,6.361,1.34253,0.37545,0.17665,0.87896
149,2016,Algeria,Middle East and Northern Africa,33,6.355,1.05266,0.21006,0.07044,0.61804
150,2016,Bahrain,Middle East and Northern Africa,34,6.218,1.44024,0.47375,0.17147,0.65696
151,2016,Venezuela,Latin America and Caribbean,35,6.084,1.13367,0.19847,0.0425,0.61904
152,2016,Slovakia,Central and Eastern Europe,36,6.078,1.27973,0.23391,0.13837,0.70367
153,2016,El Salvador,Latin America and Caribbean,37,6.068,0.8737,0.37269,0.08877,0.596
154,2016,Malaysia,Southeastern Asia,38,6.005,1.25142,0.39031,0.41474,0.62366
155,2016,Nicaragua,Latin America and Caribbean,39,5.992,0.69384,0.46582,0.29773,0.65213
156,2016,Uzbekistan,Central and Eastern Europe,40,5.987,0.73591,0.60848,0.34326,0.50163
157,2016,Italy,Western Europe,41,5.977,1.35495,0.18827,0.16684,0.85102
158,2016,Ecuador,Latin America and Caribbean,42,5.976,0.97306,0.4027,0.10074,0.68613
159,2016,Japan,Eastern Asia,43,5.921,1.38007,0.46761,0.10224,0.91491
160,2016,Kazakhstan,Central and Eastern Europe,44,5.919,1.22943,0.4052,0.15011,0.57386
161,2016,Moldova,Central and Eastern Europe,45,5.897,0.69177,0.25202,0.19997,0.52309
162,2016,Russia,Central and Eastern Europe,46,5.856,1.23228,0.32682,0.02736,0.58991
163,2016,Poland,Central and Eastern Europe,47,5.835,1.24585,0.4519,0.14443,0.69058
164,2016,South Korea,Eastern Asia,48,5.835,1.35948,0.25168,0.18824,0.88645
165,2016,Bolivia,Latin America and Caribbean,49,5.822,0.79422,0.50961,0.21698,0.4697
166,2016,Lithuania,Central and Eastern Europe,50,5.813,1.2692,0.18929,0.02025,0.64674
167,2016,Slovenia,Central and Eastern Europe,51,5.768,1.29947,0.53164,0.25738,0.79151
168,2016,Peru,Latin America and Caribbean,52,5.743,0.99602,0.37502,0.14527,0.62994
169,2016,Mauritius,Sub-Saharan Africa,53,5.648,1.14372,0.46145,0.36951,0.66189
170,2016,Latvia,Central and Eastern Europe,54,5.56,1.21788,0.27996,0.17445,0.63952
171,2016,Cyprus,Western Europe,55,5.546,1.31857,0.29507,0.27906,0.8488
172,2016,Paraguay,Latin America and Caribbean,56,5.538,0.89373,0.46235,0.25296,0.58295
173,2016,Romania,Central and Eastern Europe,57,5.528,1.1697,0.36712,0.12889,0.67602
174,2016,Estonia,Central and Eastern Europe,58,5.517,1.27964,0.41511,0.08423,0.68098
175,2016,Jamaica,Latin America and Caribbean,59,5.51,0.89333,0.43597,0.22245,0.59469
176,2016,Croatia,Central and Eastern Europe,60,5.488,1.18649,0.23907,0.18434,0.70524
177,2016,Kosovo,Central and Eastern Europe,61,5.401,0.90145,0.14396,0.27992,0.54
178,2016,Turkey,Middle East and Northern Africa,62,5.389,1.16492,0.23889,0.04707,0.64718
179,2016,Indonesia,Southeastern Asia,63,5.314,0.95104,0.39237,0.56521,0.49374
180,2016,Jordan,Middle East and Northern Africa,64,5.303,0.99673,0.36023,0.14262,0.60712
181,2016,Philippines,Southeastern Asia,65,5.279,0.81217,0.54854,0.21674,0.47036
182,2016,China,Eastern Asia,66,5.245,1.0278,0.44012,0.04959,0.73561
183,2016,Kyrgyzstan,Central and Eastern Europe,67,5.185,0.56044,0.40212,0.38432,0.55449
184,2016,Serbia,Central and Eastern Europe,68,5.177,1.03437,0.15718,0.20737,0.6458
185,2016,Bosnia and Herzegovina,Central and Eastern Europe,69,5.163,0.93383,0.09511,0.29889,0.70766
186,2016,Montenegro,Central and Eastern Europe,70,5.161,1.07838,0.15111,0.17191,0.63533
187,2016,Dominican Republic,Latin America and Caribbean,71,5.155,1.02787,0.52259,0.21286,0.57669
188,2016,Morocco,Middle East and Northern Africa,72,5.151,0.84058,0.25646,0.04053,0.59471
189,2016,Hungary,Central and Eastern Europe,73,5.145,1.24142,0.1977,0.099,0.67608
190,2016,Pakistan,Southern Asia,74,5.132,0.68816,0.14622,0.31185,0.40306
191,2016,Lebanon,Middle East and Northern Africa,75,5.129,1.12268,0.26228,0.23693,0.76171
192,2016,Portugal,Western Europe,76,5.123,1.27607,0.44727,0.11691,0.79363
193,2016,Vietnam,Southeastern Asia,77,5.061,0.74037,0.55954,0.25075,0.66157
194,2016,Tunisia,Middle East and Northern Africa,78,5.045,0.97724,0.23553,0.03936,0.59577
195,2016,Greece,Western Europe,79,5.033,1.24886,0.05822,0.0,0.80029
196,2016,Tajikistan,Central and Eastern Europe,80,4.996,0.48835,0.43408,0.25998,0.53119
197,2016,Mongolia,Eastern Asia,81,4.907,0.98853,0.35972,0.34539,0.55469
198,2016,Nigeria,Sub-Saharan Africa,82,4.875,0.75216,0.27854,0.23219,0.05108
199,2016,Honduras,Latin America and Caribbean,83,4.871,0.69429,0.26755,0.2044,0.58383
200,2016,Iran,Middle East and Northern Africa,84,4.813,1.11758,0.22544,0.38538,0.64232
201,2016,Zambia,Sub-Saharan Africa,85,4.795,0.61202,0.42662,0.17866,0.23573
202,2016,Nepal,Southern Asia,86,4.793,0.44626,0.37012,0.3816,0.50073
203,2016,Albania,Central and Eastern Europe,87,4.655,0.9553,0.31866,0.1684,0.73007
204,2016,Bangladesh,Southern Asia,88,4.643,0.54177,0.39778,0.19132,0.52989
205,2016,Sierra Leone,Sub-Saharan Africa,89,4.635,0.36485,0.30685,0.23897,0.0
206,2016,Iraq,Middle East and Northern Africa,90,4.575,1.07474,0.24856,0.19589,0.51076
207,2016,Cameroon,Sub-Saharan Africa,91,4.513,0.52497,0.42736,0.2268,0.12698
208,2016,Ethiopia,Sub-Saharan Africa,92,4.508,0.29283,0.36703,0.29522,0.34578
209,2016,South Africa,Sub-Saharan Africa,93,4.459,1.02416,0.42483,0.13656,0.18611
210,2016,Sri Lanka,Southern Asia,94,4.415,0.97318,0.50817,0.46978,0.62007
211,2016,India,Southern Asia,95,4.404,0.74036,0.40285,0.25028,0.45091
212,2016,Myanmar,Southeastern Asia,96,4.395,0.34112,0.42692,0.81971,0.3988
213,2016,Egypt,Middle East and Northern Africa,97,4.362,0.95395,0.18847,0.12706,0.52116
214,2016,Armenia,Central and Eastern Europe,98,4.36,0.86086,0.14037,0.07793,0.64083
215,2016,Kenya,Sub-Saharan Africa,99,4.356,0.52267,0.40576,0.41328,0.30147
216,2016,Ukraine,Central and Eastern Europe,100,4.324,0.87287,0.12859,0.20363,0.58628
217,2016,Ghana,Sub-Saharan Africa,101,4.276,0.63107,0.40973,0.21203,0.29681
218,2016,Georgia,Central and Eastern Europe,102,4.252,0.83792,0.32461,0.06786,0.64035
219,2016,Senegal,Sub-Saharan Africa,103,4.219,0.44314,0.31056,0.19103,0.40457
220,2016,Bulgaria,Central and Eastern Europe,104,4.217,1.11306,0.21219,0.12793,0.67806
221,2016,Zimbabwe,Sub-Saharan Africa,105,4.193,0.35041,0.25429,0.18503,0.1595
222,2016,Malawi,Sub-Saharan Africa,106,4.156,0.08709,0.4143,0.30968,0.29364
223,2016,Gabon,Sub-Saharan Africa,107,4.121,1.15851,0.28098,0.06244,0.3494
224,2016,Mali,Sub-Saharan Africa,108,4.073,0.31292,0.27544,0.21064,0.16347
225,2016,Ivory Coast,Sub-Saharan Africa,109,3.916,0.55507,0.40663,0.20338,0.04476
226,2016,Cambodia,Southeastern Asia,110,3.907,0.55604,0.58852,0.40339,0.42494
227,2016,Burkina Faso,Sub-Saharan Africa,111,3.739,0.31995,0.3337,0.24353,0.21297
228,2016,Uganda,Sub-Saharan Africa,112,3.739,0.34719,0.43653,0.27102,0.19625
229,2016,Tanzania,Sub-Saharan Africa,113,3.666,0.47155,0.3176,0.31472,0.357
230,2016,Guinea,Sub-Saharan Africa,114,3.607,0.22415,0.30953,0.29914,0.18829
231,2016,Benin,Sub-Saharan Africa,115,3.484,0.39499,0.39747,0.2018,0.21028
232,2016,Afghanistan,Southern Asia,116,3.36,0.38227,0.1643,0.31268,0.17344
233,2016,Togo,Sub-Saharan Africa,117,3.303,0.28123,0.34678,0.17517,0.24811
234,2017,Norway,Western Europe,1,7.53700017929077,1.61646318435669,0.635422587394714,0.36201223731041,0.796666502952576
235,2017,Denmark,Western Europe,2,7.52199983596802,1.48238301277161,0.626006722450256,0.355280488729477,0.792565524578094
236,2017,Iceland,Western Europe,3,7.50400018692017,1.480633020401,0.627162635326385,0.475540220737457,0.833552122116089
237,2017,Switzerland,Western Europe,4,7.49399995803833,1.56497955322266,0.620070576667786,0.290549278259277,0.858131289482117
238,2017,Finland,Western Europe,5,7.4689998626709,1.44357192516327,0.617950856685638,0.24548277258873,0.80915766954422
239,2017,Netherlands,Western Europe,6,7.3769998550415,1.50394463539124,0.585384488105774,0.470489829778671,0.810696125030518
240,2017,Canada,North America,7,7.31599998474121,1.47920441627502,0.611100912094116,0.435539722442627,0.83455765247345
241,2017,New Zealand,Australia and New Zealand,8,7.31400012969971,1.40570604801178,0.614062130451202,0.500005125999451,0.816759705543518
242,2017,Sweden,Western Europe,9,7.28399991989136,1.49438726902008,0.612924098968506,0.385399252176285,0.830875158309937
243,2017,Australia,Australia and New Zealand,10,7.28399991989136,1.484414935112,0.601607382297516,0.477699249982834,0.84388679265976
244,2017,Israel,Middle East and Northern Africa,11,7.21299982070923,1.37538242340088,0.405988603830338,0.330082654953003,0.83840399980545
245,2017,Costa Rica,Latin America and Caribbean,12,7.0789999961853,1.10970628261566,0.580131649971008,0.214613229036331,0.759509265422821
246,2017,Austria,Western Europe,13,7.00600004196167,1.48709726333618,0.567766189575195,0.316472321748734,0.815328419208527
247,2017,United States,North America,14,6.99300003051758,1.54625928401947,0.505740523338318,0.392578780651093,0.77428662776947
248,2017,Ireland,Western Europe,15,6.97700023651123,1.53570663928986,0.573110342025757,0.42785832285881,0.80978262424469
249,2017,Germany,Western Europe,16,6.95100021362305,1.48792338371277,0.562511384487152,0.336269170045853,0.798950731754303
250,2017,Belgium,Western Europe,17,6.89099979400635,1.46378076076508,0.539770722389221,0.231503337621689,0.818091869354248
251,2017,United Kingdom,Western Europe,18,6.71400022506714,1.44163393974304,0.508190035820007,0.492774158716202,0.805335938930511
252,2017,Chile,Latin America and Caribbean,19,6.65199995040894,1.25278460979462,0.376895278692245,0.326662421226501,0.819479703903198
253,2017,United Arab Emirates,Middle East and Northern Africa,20,6.64799976348877,1.62634336948395,0.60834527015686,0.3609419465065,0.726798236370087
254,2017,Brazil,Latin America and Caribbean,21,6.63500022888184,1.10735321044922,0.437453746795654,0.16234989464283,0.616552352905273
255,2017,Argentina,Latin America and Caribbean,22,6.59899997711182,1.18529546260834,0.494519203901291,0.109457060694695,0.695137083530426
256,2017,Mexico,Latin America and Caribbean,23,6.57800006866455,1.15318381786346,0.412730008363724,0.120990432798862,0.709978997707367
257,2017,Singapore,Southeastern Asia,24,6.57200002670288,1.69227766990662,0.549840569496155,0.345965981483459,0.949492394924164
258,2017,Malta,Western Europe,25,6.52699995040894,1.34327983856201,0.588767051696777,0.574730575084686,0.821944236755371
259,2017,Uruguay,Latin America and Caribbean,26,6.4539999961853,1.21755969524384,0.57939225435257,0.175096929073334,0.719216823577881
260,2017,Panama,Latin America and Caribbean,27,6.4520001411438,1.23374843597412,0.550026834011078,0.21055693924427,0.706156134605408
261,2017,France,Western Europe,28,6.44199991226196,1.43092346191406,0.470222115516663,0.129762306809425,0.844465851783752
262,2017,Thailand,Southeastern Asia,29,6.42399978637695,1.12786877155304,0.580200731754303,0.572123110294342,0.647239029407501
263,2017,Spain,Western Europe,30,6.40299987792969,1.38439786434174,0.408781230449677,0.190133571624756,0.888960599899292
264,2017,Colombia,Latin America and Caribbean,31,6.35699987411499,1.07062232494354,0.477487415075302,0.149014472961426,0.595027923583984
265,2017,Saudi Arabia,Middle East and Northern Africa,32,6.3439998626709,1.53062355518341,0.449750572443008,0.147616013884544,0.590148329734802
266,2017,Slovakia,Central and Eastern Europe,33,6.09800004959106,1.32539355754852,0.295817464590073,0.136544480919838,0.712732911109924
267,2017,Bahrain,Middle East and Northern Africa,34,6.08699989318848,1.48841226100922,0.536746919155121,0.172668486833572,0.653133034706116
268,2017,Malaysia,Southeastern Asia,35,6.08400011062622,1.29121541976929,0.402264982461929,0.416608929634094,0.618784427642822
269,2017,Nicaragua,Latin America and Caribbean,36,6.07100009918213,0.737299203872681,0.447551846504211,0.301674216985703,0.653095960617065
270,2017,Ecuador,Latin America and Caribbean,37,6.00799989700317,1.00082039833069,0.4551981985569,0.150112465023994,0.685636222362518
271,2017,El Salvador,Latin America and Caribbean,38,6.00299978256226,0.909784495830536,0.432452529668808,0.0782579854130745,0.596018552780151
272,2017,Poland,Central and Eastern Europe,39,5.97300004959106,1.29178786277771,0.520342111587524,0.158465966582298,0.699475347995758
273,2017,Uzbekistan,Central and Eastern Europe,40,5.97100019454956,0.786441087722778,0.658248662948608,0.415983647108078,0.498272627592087
274,2017,Italy,Western Europe,41,5.96400022506714,1.39506661891937,0.256450712680817,0.17278964817524,0.853144347667694
275,2017,Russia,Central and Eastern Europe,42,5.96299982070923,1.28177809715271,0.373783111572266,0.0522638224065304,0.547349333763123
276,2017,Japan,Eastern Asia,43,5.92000007629395,1.41691517829895,0.505625545978546,0.12057276815176,0.913475871086121
277,2017,Lithuania,Central and Eastern Europe,44,5.90199995040894,1.31458234786987,0.234231784939766,0.010164656676352,0.62894994020462
278,2017,Algeria,Middle East and Northern Africa,45,5.87200021743774,1.09186446666718,0.233335807919502,0.0694366469979286,0.617584645748138
279,2017,Latvia,Central and Eastern Europe,46,5.84999990463257,1.26074862480164,0.325707912445068,0.153074786067009,0.638566970825195
280,2017,South Korea,Eastern Asia,47,5.83799982070923,1.40167844295502,0.257921665906906,0.206674367189407,0.900214076042175
281,2017,Moldova,Central and Eastern Europe,48,5.83799982070923,0.728870630264282,0.240729048848152,0.208779126405716,0.589465200901031
282,2017,Romania,Central and Eastern Europe,49,5.82499980926514,1.21768391132355,0.457003742456436,0.133519917726517,0.685158312320709
283,2017,Bolivia,Latin America and Caribbean,50,5.82299995422363,0.833756566047668,0.558732926845551,0.22556072473526,0.473630249500275
284,2017,Kazakhstan,Central and Eastern Europe,51,5.81899976730347,1.28455626964569,0.437454283237457,0.201964423060417,0.606041550636292
285,2017,Slovenia,Central and Eastern Europe,52,5.75799989700317,1.3412059545517,0.572575807571411,0.242649093270302,0.790828227996826
286,2017,Peru,Latin America and Caribbean,53,5.71500015258789,1.03522527217865,0.450002878904343,0.126819714903831,0.630166113376617
287,2017,Mauritius,Sub-Saharan Africa,54,5.62900018692017,1.18939554691315,0.491247326135635,0.360933750867844,0.638007462024689
288,2017,Cyprus,Western Europe,55,5.62099981307983,1.35593807697296,0.355111539363861,0.271254301071167,0.84471470117569
289,2017,Estonia,Central and Eastern Europe,56,5.61100006103516,1.32087934017181,0.479131430387497,0.0988908112049103,0.695168316364288
290,2017,Turkey,Middle East and Northern Africa,57,5.5,1.19827437400818,0.300740599632263,0.0466930419206619,0.637605607509613
291,2017,Paraguay,Latin America and Caribbean,58,5.49300003051758,0.932537317276001,0.473507791757584,0.224150657653809,0.579250693321228
292,2017,Philippines,Southeastern Asia,59,5.42999982833862,0.85769921541214,0.585214674472809,0.193513423204422,0.468009054660797
293,2017,Serbia,Central and Eastern Europe,60,5.39499998092651,1.06931757926941,0.208715528249741,0.220125883817673,0.65078467130661
294,2017,Jordan,Middle East and Northern Africa,61,5.33599996566772,0.991012394428253,0.418421149253845,0.172170460224152,0.604590058326721
295,2017,Hungary,Central and Eastern Europe,62,5.32399988174438,1.2860119342804,0.175863519310951,0.0784016624093056,0.687763452529907
296,2017,Jamaica,Latin America and Caribbean,63,5.31099987030029,0.925579309463501,0.474307239055634,0.233818337321281,0.641022384166718
297,2017,Croatia,Central and Eastern Europe,64,5.29300022125244,1.22255623340607,0.255772292613983,0.248002976179123,0.701288521289825
298,2017,Kosovo,Central and Eastern Europe,65,5.27899980545044,0.951484382152557,0.260287940502167,0.319931447505951,0.541452050209045
299,2017,China,Eastern Asia,66,5.27299976348877,1.08116579055786,0.472787708044052,0.0288068410009146,0.741415500640869
300,2017,Pakistan,Southern Asia,67,5.26900005340576,0.72688353061676,0.23521526157856,0.315446019172668,0.402047783136368
301,2017,Indonesia,Southeastern Asia,68,5.26200008392334,0.995538592338562,0.443323463201523,0.611704587936401,0.492345720529556
302,2017,Venezuela,Latin America and Caribbean,69,5.25,1.12843120098114,0.153997123241425,0.0650196298956871,0.617144227027893
303,2017,Montenegro,Central and Eastern Europe,70,5.23699998855591,1.12112903594971,0.194989055395126,0.197911024093628,0.667464673519135
304,2017,Morocco,Middle East and Northern Africa,71,5.2350001335144,0.878114581108093,0.408158332109451,0.0322099551558495,0.59771066904068
305,2017,Dominican Republic,Latin America and Caribbean,72,5.23000001907349,1.07937383651733,0.55258983373642,0.186967849731445,0.574873745441437
306,2017,Greece,Western Europe,73,5.22700023651123,1.28948748111725,0.0957312509417534,0.0,0.810198903083801
307,2017,Lebanon,Middle East and Northern Africa,74,5.22499990463257,1.07498753070831,0.288515985012054,0.264450758695602,0.735081076622009
308,2017,Portugal,Western Europe,75,5.19500017166138,1.3151752948761,0.498465299606323,0.0951027125120163,0.795843541622162
309,2017,Bosnia and Herzegovina,Central and Eastern Europe,76,5.18200016021729,0.982409417629242,0.204403176903725,0.328867495059967,0.705186307430267
310,2017,Honduras,Latin America and Caribbean,77,5.18100023269653,0.730573117733002,0.348079860210419,0.236188873648643,0.582569479942322
311,2017,Vietnam,Southeastern Asia,78,5.07399988174438,0.788547575473785,0.571055591106415,0.234968051314354,0.652168989181519
312,2017,Nigeria,Sub-Saharan Africa,79,5.07399988174438,0.783756256103516,0.394952565431595,0.230947196483612,0.0569157302379608
313,2017,Tajikistan,Central and Eastern Europe,80,5.04099988937378,0.524713635444641,0.471566706895828,0.248997643589973,0.529235124588013
314,2017,Kyrgyzstan,Central and Eastern Europe,81,5.00400018692017,0.596220076084137,0.454943388700485,0.42858037352562,0.553457796573639
315,2017,Nepal,Southern Asia,82,4.96199989318848,0.479820191860199,0.440305948257446,0.394096165895462,0.504130780696869
316,2017,Mongolia,Eastern Asia,83,4.95499992370605,1.02723586559296,0.394143968820572,0.338464230298996,0.557783484458923
317,2017,South Africa,Sub-Saharan Africa,84,4.8289999961853,1.05469870567322,0.479246735572815,0.139362379908562,0.187080070376396
318,2017,Tunisia,Middle East and Northern Africa,85,4.80499982833862,1.00726580619812,0.289680689573288,0.0496933571994305,0.613212049007416
319,2017,Egypt,Middle East and Northern Africa,86,4.7350001335144,0.989701807498932,0.282110154628754,0.128631442785263,0.520187258720398
320,2017,Bulgaria,Central and Eastern Europe,87,4.71400022506714,1.1614590883255,0.289231717586517,0.113177694380283,0.708217680454254
321,2017,Sierra Leone,Sub-Saharan Africa,88,4.70900011062622,0.36842092871666,0.318697690963745,0.293040901422501,0.0055647538974881
322,2017,Cameroon,Sub-Saharan Africa,89,4.69500017166138,0.564305365085602,0.430388748645782,0.236298456788063,0.132892116904259
323,2017,Iran,Middle East and Northern Africa,90,4.69199991226196,1.15687310695648,0.249322608113289,0.387242913246155,0.639333188533783
324,2017,Albania,Central and Eastern Europe,91,4.64400005340576,0.996192753314972,0.381498634815216,0.201312944293022,0.731159746646881
325,2017,Bangladesh,Southern Asia,92,4.60799980163574,0.586682975292206,0.478356659412384,0.172255352139473,0.533241033554077
326,2017,Kenya,Sub-Saharan Africa,93,4.55299997329712,0.560479462146759,0.452763766050339,0.444860309362411,0.309988349676132
327,2017,Myanmar,Southeastern Asia,94,4.54500007629395,0.367110550403595,0.514492034912109,0.838075160980225,0.397522568702698
328,2017,Senegal,Sub-Saharan Africa,95,4.53499984741211,0.479309022426605,0.377922266721725,0.183468893170357,0.409362852573395
329,2017,Zambia,Sub-Saharan Africa,96,4.51399993896484,0.636406779289246,0.461603492498398,0.249580144882202,0.257835894823074
330,2017,Iraq,Middle East and Northern Africa,97,4.49700021743774,1.10271048545837,0.288555532693863,0.19963726401329,0.501180469989777
331,2017,Gabon,Sub-Saharan Africa,98,4.46500015258789,1.1982102394104,0.312328577041626,0.0437853783369064,0.356578588485718
332,2017,Ethiopia,Sub-Saharan Africa,99,4.46000003814697,0.339233845472336,0.408842742443085,0.312650740146637,0.353409707546234
333,2017,Sri Lanka,Southern Asia,100,4.44000005722046,1.00985014438629,0.561213254928589,0.490863561630249,0.625130832195282
334,2017,Armenia,Central and Eastern Europe,101,4.37599992752075,0.900596737861633,0.198303267359734,0.0834880918264389,0.637524425983429
335,2017,India,Southern Asia,102,4.31500005722046,0.792221248149872,0.469987004995346,0.231538489460945,0.455427616834641
336,2017,Georgia,Central and Eastern Europe,103,4.28599977493286,0.950612664222717,0.309410035610199,0.0540088154375553,0.649546980857849
337,2017,Mali,Sub-Saharan Africa,104,4.19000005722046,0.476180493831635,0.306613743305206,0.183354198932648,0.169365674257278
338,2017,Ivory Coast,Sub-Saharan Africa,105,4.17999982833862,0.603048920631409,0.447706192731857,0.201237469911575,0.0486421696841717
339,2017,Cambodia,Southeastern Asia,106,4.16800022125244,0.601765096187592,0.633375823497772,0.385922968387604,0.429783403873444
340,2017,Ghana,Sub-Saharan Africa,107,4.11999988555908,0.667224824428558,0.423026293516159,0.256923943758011,0.295637726783752
341,2017,Ukraine,Central and Eastern Europe,108,4.09600019454956,0.89465194940567,0.122974775731564,0.270061463117599,0.575903952121735
342,2017,Uganda,Sub-Saharan Africa,109,4.08099985122681,0.381430715322495,0.443185955286026,0.325766056776047,0.217632606625557
343,2017,Burkina Faso,Sub-Saharan Africa,110,4.03200006484985,0.3502277135849,0.324367851018906,0.250864684581757,0.215844258666039
344,2017,Malawi,Sub-Saharan Africa,111,3.97000002861023,0.233442038297653,0.466914653778076,0.287170469760895,0.315089583396912
345,2017,Zimbabwe,Sub-Saharan Africa,112,3.875,0.375846534967422,0.336384207010269,0.189143493771553,0.196763753890991
346,2017,Afghanistan,Southern Asia,113,3.79399991035461,0.401477217674255,0.106179520487785,0.311870932579041,0.180746778845787
347,2017,Benin,Sub-Saharan Africa,114,3.65700006484985,0.431085407733917,0.425962775945663,0.207948461174965,0.209930211305618
348,2017,Guinea,Sub-Saharan Africa,115,3.50699996948242,0.244549930095673,0.348587512969971,0.264815092086792,0.194129139184952
349,2017,Togo,Sub-Saharan Africa,116,3.49499988555908,0.305444717407227,0.38042613863945,0.196896150708199,0.247105568647385
350,2017,Tanzania,Sub-Saharan Africa,117,3.34899997711182,0.511135876178741,0.390017777681351,0.354256361722946,0.364509284496307
351,2018,Finland,Western Europe,1,7.632,1.305,0.681,0.202,0.874
352,2018,Norway,Western Europe,2,7.594,1.456,0.686,0.286,0.861
353,2018,Denmark,Western Europe,3,7.555,1.351,0.683,0.284,0.868
354,2018,Iceland,Western Europe,4,7.495,1.343,0.677,0.353,0.914
355,2018,Switzerland,Western Europe,5,7.487,1.42,0.66,0.256,0.927
356,2018,Netherlands,Western Europe,6,7.441,1.361,0.638,0.333,0.878
357,2018,Canada,North America,7,7.328,1.33,0.653,0.321,0.896
358,2018,New Zealand,Australia and New Zealand,8,7.324,1.268,0.669,0.365,0.876
359,2018,Sweden,Western Europe,9,7.314,1.355,0.659,0.285,0.913
360,2018,Australia,Australia and New Zealand,10,7.272,1.34,0.647,0.361,0.91
361,2018,United Kingdom,Western Europe,11,7.19,1.244,0.464,0.262,0.888
362,2018,Austria,Western Europe,12,7.139,1.341,0.617,0.242,0.891
363,2018,Costa Rica,Latin America and Caribbean,13,7.072,1.01,0.632,0.143,0.817
364,2018,Ireland,Western Europe,14,6.977,1.448,0.614,0.307,0.876
365,2018,Germany,Western Europe,15,6.965,1.34,0.586,0.273,0.861
366,2018,Belgium,Western Europe,16,6.927,1.324,0.583,0.188,0.894
367,2018,United States,North America,17,6.886,1.398,0.547,0.291,0.819
368,2018,Israel,Middle East and Northern Africa,18,6.814,1.301,0.533,0.354,0.883
369,2018,United Arab Emirates,Middle East and Northern Africa,19,6.774,2.096,0.284,0.186,0.67
370,2018,Malta,Western Europe,20,6.627,1.27,0.645,0.376,0.884
371,2018,France,Western Europe,21,6.489,1.293,0.52,0.098,0.908
372,2018,Mexico,Latin America and Caribbean,22,6.488,1.038,0.479,0.069,0.761
373,2018,Chile,Latin America and Caribbean,23,6.476,1.131,0.431,0.197,0.808
374,2018,Panama,Latin America and Caribbean,24,6.43,1.112,0.597,0.125,0.759
375,2018,Brazil,Latin America and Caribbean,25,6.419,0.986,0.493,0.11,0.675
376,2018,Argentina,Latin America and Caribbean,26,6.388,1.073,0.57,0.062,0.744
377,2018,Uruguay,Latin America and Caribbean,27,6.379,1.093,0.625,0.13,0.771
378,2018,Saudi Arabia,Middle East and Northern Africa,28,6.371,1.379,0.509,0.098,0.633
379,2018,Singapore,Southeastern Asia,29,6.343,1.529,0.631,0.261,1.008
380,2018,Malaysia,Southeastern Asia,30,6.322,1.161,0.356,0.311,0.669
381,2018,Spain,Western Europe,31,6.31,1.251,0.449,0.142,0.965
382,2018,Colombia,Latin America and Caribbean,32,6.26,0.96,0.531,0.099,0.635
383,2018,Slovakia,Central and Eastern Europe,33,6.173,1.21,0.354,0.118,0.776
384,2018,El Salvador,Latin America and Caribbean,34,6.167,0.806,0.461,0.065,0.639
385,2018,Nicaragua,Latin America and Caribbean,35,6.141,0.668,0.527,0.208,0.7
386,2018,Poland,Central and Eastern Europe,36,6.123,1.176,0.546,0.108,0.781
387,2018,Bahrain,Middle East and Northern Africa,37,6.105,1.338,0.594,0.243,0.698
388,2018,Uzbekistan,Central and Eastern Europe,38,6.096,0.719,0.724,0.328,0.605
389,2018,Thailand,Southeastern Asia,39,6.072,1.016,0.637,0.364,0.707
390,2018,Italy,Western Europe,40,6.0,1.264,0.281,0.137,0.946
391,2018,Ecuador,Latin America and Caribbean,41,5.973,0.889,0.556,0.114,0.736
392,2018,Lithuania,Central and Eastern Europe,42,5.952,1.197,0.35,0.026,0.716
393,2018,Slovenia,Central and Eastern Europe,43,5.948,1.219,0.633,0.16,0.856
394,2018,Romania,Central and Eastern Europe,44,5.945,1.116,0.528,0.088,0.726
395,2018,Latvia,Central and Eastern Europe,45,5.933,1.148,0.363,0.092,0.671
396,2018,Japan,Eastern Asia,46,5.915,1.294,0.553,0.079,0.988
397,2018,Mauritius,Sub-Saharan Africa,47,5.891,1.09,0.584,0.245,0.684
398,2018,Jamaica,Latin America and Caribbean,48,5.89,0.819,0.575,0.096,0.693
399,2018,South Korea,Eastern Asia,49,5.875,1.266,0.244,0.175,0.955
400,2018,Russia,Central and Eastern Europe,50,5.81,1.151,0.399,0.065,0.599
401,2018,Kazakhstan,Central and Eastern Europe,51,5.79,1.143,0.454,0.148,0.631
402,2018,Cyprus,Western Europe,52,5.762,1.229,0.423,0.202,0.909
403,2018,Bolivia,Latin America and Caribbean,53,5.752,0.751,0.606,0.141,0.508
404,2018,Estonia,Central and Eastern Europe,54,5.739,1.2,0.553,0.086,0.737
405,2018,Paraguay,Latin America and Caribbean,55,5.681,0.835,0.541,0.162,0.615
406,2018,Peru,Latin America and Caribbean,56,5.663,0.934,0.53,0.092,0.674
407,2018,Kosovo,Central and Eastern Europe,57,5.662,0.855,0.448,0.274,0.578
408,2018,Moldova,Central and Eastern Europe,58,5.64,0.657,0.232,0.171,0.62
409,2018,Hungary,Central and Eastern Europe,59,5.62,1.171,0.259,0.061,0.732
410,2018,Philippines,Southeastern Asia,60,5.524,0.775,0.643,0.12,0.513
411,2018,Honduras,Latin America and Caribbean,61,5.504,0.62,0.459,0.197,0.622
412,2018,Turkey,Middle East and Northern Africa,62,5.483,1.148,0.324,0.106,0.686
413,2018,Pakistan,Southern Asia,63,5.472,0.652,0.334,0.216,0.424
414,2018,Portugal,Western Europe,64,5.41,1.188,0.562,0.055,0.884
415,2018,Serbia,Central and Eastern Europe,65,5.398,0.975,0.288,0.134,0.685
416,2018,Greece,Western Europe,66,5.358,1.154,0.131,0.0,0.879
417,2018,Lebanon,Middle East and Northern Africa,67,5.358,0.965,0.503,0.214,0.785
418,2018,Montenegro,Central and Eastern Europe,68,5.347,1.017,0.259,0.111,0.729
419,2018,Croatia,Central and Eastern Europe,69,5.321,1.115,0.38,0.12,0.737
420,2018,Dominican Republic,Latin America and Caribbean,70,5.302,0.982,0.578,0.12,0.614
421,2018,Algeria,Middle East and Northern Africa,71,5.295,0.979,0.077,0.055,0.687
422,2018,Morocco,Middle East and Northern Africa,72,5.254,0.779,0.46,0.026,0.669
423,2018,China,Eastern Asia,73,5.246,0.989,0.597,0.029,0.799
424,2018,Tajikistan,Central and Eastern Europe,74,5.199,0.474,0.292,0.187,0.598
425,2018,Jordan,Middle East and Northern Africa,75,5.161,0.822,0.468,0.13,0.645
426,2018,Nigeria,Sub-Saharan Africa,76,5.155,0.689,0.462,0.201,0.048
427,2018,Kyrgyzstan,Central and Eastern Europe,77,5.131,0.53,0.54,0.281,0.594
428,2018,Bosnia and Herzegovina,Central and Eastern Europe,78,5.129,0.915,0.28,0.216,0.758
429,2018,Mongolia,Eastern Asia,79,5.125,0.914,0.395,0.253,0.575
430,2018,Vietnam,Southeastern Asia,80,5.103,0.715,0.618,0.177,0.702
431,2018,Indonesia,Southeastern Asia,81,5.093,0.899,0.538,0.484,0.522
432,2018,Cameroon,Sub-Saharan Africa,82,4.975,0.535,0.454,0.183,0.182
433,2018,Bulgaria,Central and Eastern Europe,83,4.933,1.054,0.359,0.064,0.712
434,2018,Nepal,Southern Asia,84,4.88,0.425,0.526,0.302,0.539
435,2018,Venezuela,Latin America and Caribbean,85,4.806,0.996,0.133,0.056,0.657
436,2018,Gabon,Sub-Saharan Africa,86,4.758,1.036,0.356,0.032,0.404
437,2018,South Africa,Sub-Saharan Africa,87,4.724,0.94,0.516,0.103,0.33
438,2018,Iran,Middle East and Northern Africa,88,4.707,1.059,0.459,0.282,0.691
439,2018,Ivory Coast,Sub-Saharan Africa,89,4.671,0.541,0.467,0.146,0.08
440,2018,Ghana,Sub-Saharan Africa,90,4.657,0.592,0.499,0.212,0.337
441,2018,Senegal,Sub-Saharan Africa,91,4.631,0.429,0.406,0.138,0.433
442,2018,Tunisia,Middle East and Northern Africa,92,4.592,0.9,0.271,0.04,0.69
443,2018,Albania,Central and Eastern Europe,93,4.586,0.916,0.419,0.149,0.79
444,2018,Sierra Leone,Sub-Saharan Africa,94,4.571,0.256,0.355,0.238,0.0
445,2018,Bangladesh,Southern Asia,95,4.5,0.532,0.58,0.153,0.579
446,2018,Sri Lanka,Southern Asia,96,4.471,0.918,0.585,0.307,0.672
447,2018,Iraq,Middle East and Northern Africa,97,4.456,1.01,0.304,0.148,0.536
448,2018,Mali,Sub-Saharan Africa,98,4.447,0.37,0.367,0.139,0.152
449,2018,Cambodia,Southeastern Asia,99,4.433,0.549,0.696,0.256,0.457
450,2018,Burkina Faso,Sub-Saharan Africa,100,4.424,0.314,0.312,0.175,0.254
451,2018,Egypt,Middle East and Northern Africa,101,4.419,0.885,0.312,0.092,0.553
452,2018,Kenya,Sub-Saharan Africa,102,4.41,0.493,0.504,0.352,0.454
453,2018,Zambia,Sub-Saharan Africa,103,4.377,0.562,0.503,0.221,0.295
454,2018,Ethiopia,Sub-Saharan Africa,104,4.35,0.308,0.452,0.22,0.391
455,2018,Georgia,Central and Eastern Europe,105,4.34,0.853,0.375,0.038,0.643
456,2018,Armenia,Central and Eastern Europe,106,4.321,0.816,0.26,0.077,0.666
457,2018,Myanmar,Southeastern Asia,107,4.308,0.682,0.58,0.598,0.429
458,2018,India,Southern Asia,108,4.19,0.721,0.539,0.172,0.485
459,2018,Uganda,Sub-Saharan Africa,109,4.161,0.322,0.45,0.259,0.237
460,2018,Benin,Sub-Saharan Africa,110,4.141,0.378,0.44,0.163,0.24
461,2018,Ukraine,Central and Eastern Europe,111,4.103,0.793,0.163,0.187,0.609
462,2018,Togo,Sub-Saharan Africa,112,3.999,0.259,0.434,0.158,0.253
463,2018,Guinea,Sub-Saharan Africa,113,3.964,0.344,0.394,0.185,0.211
464,2018,Zimbabwe,Sub-Saharan Africa,114,3.692,0.357,0.406,0.132,0.248
465,2018,Afghanistan,Southern Asia,115,3.632,0.332,0.085,0.191,0.255
466,2018,Malawi,Sub-Saharan Africa,116,3.587,0.186,0.531,0.21,0.306
467,2018,Tanzania,Sub-Saharan Africa,117,3.303,0.455,0.481,0.27,0.381
468,2019,Finland,Western Europe,1,7.769,1.34,0.596,0.153,0.986
469,2019,Denmark,Western Europe,2,7.6,1.383,0.592,0.252,0.996
470,2019,Norway,Western Europe,3,7.554,1.488,0.603,0.271,1.028
471,2019,Iceland,Western Europe,4,7.494,1.38,0.591,0.354,1.026
472,2019,Netherlands,Western Europe,5,7.488,1.396,0.557,0.322,0.999
473,2019,Switzerland,Western Europe,6,7.48,1.452,0.572,0.263,1.052
474,2019,Sweden,Western Europe,7,7.343,1.387,0.574,0.267,1.009
475,2019,New Zealand,Australia and New Zealand,8,7.307,1.303,0.585,0.33,1.026
476,2019,Canada,North America,9,7.278,1.365,0.584,0.285,1.039
477,2019,Austria,Western Europe,10,7.246,1.376,0.532,0.244,1.016
478,2019,Australia,Australia and New Zealand,11,7.228,1.372,0.557,0.332,1.036
479,2019,Costa Rica,Latin America and Caribbean,12,7.167,1.034,0.558,0.144,0.963
480,2019,Israel,Middle East and Northern Africa,13,7.139,1.276,0.371,0.261,1.029
481,2019,United Kingdom,Western Europe,14,7.054,1.333,0.45,0.348,0.996
482,2019,Ireland,Western Europe,15,7.021,1.499,0.516,0.298,0.999
483,2019,Germany,Western Europe,16,6.985,1.373,0.495,0.261,0.987
484,2019,Belgium,Western Europe,17,6.923,1.356,0.473,0.16,0.986
485,2019,United States,North America,18,6.892,1.433,0.454,0.28,0.874
486,2019,United Arab Emirates,Middle East and Northern Africa,19,6.825,1.503,0.598,0.262,0.825
487,2019,Malta,Western Europe,20,6.726,1.3,0.564,0.375,0.999
488,2019,Mexico,Latin America and Caribbean,21,6.595,1.07,0.433,0.074,0.861
489,2019,France,Western Europe,22,6.592,1.324,0.436,0.111,1.045
490,2019,Chile,Latin America and Caribbean,23,6.444,1.159,0.357,0.187,0.92
491,2019,Saudi Arabia,Middle East and Northern Africa,24,6.375,1.403,0.439,0.08,0.795
492,2019,Spain,Western Europe,25,6.354,1.286,0.362,0.153,1.062
493,2019,Panama,Latin America and Caribbean,26,6.321,1.149,0.516,0.109,0.91
494,2019,Brazil,Latin America and Caribbean,27,6.3,1.004,0.39,0.099,0.802
495,2019,Uruguay,Latin America and Caribbean,28,6.293,1.124,0.523,0.127,0.891
496,2019,Singapore,Southeastern Asia,29,6.262,1.572,0.556,0.271,1.141
497,2019,El Salvador,Latin America and Caribbean,30,6.253,0.794,0.43,0.093,0.789
498,2019,Italy,Western Europe,31,6.223,1.294,0.231,0.158,1.039
499,2019,Bahrain,Middle East and Northern Africa,32,6.199,1.362,0.536,0.255,0.871
500,2019,Slovakia,Central and Eastern Europe,33,6.198,1.246,0.334,0.121,0.881
501,2019,Poland,Central and Eastern Europe,34,6.182,1.206,0.483,0.117,0.884
502,2019,Uzbekistan,Central and Eastern Europe,35,6.174,0.745,0.631,0.322,0.756
503,2019,Lithuania,Central and Eastern Europe,36,6.149,1.238,0.291,0.043,0.818
504,2019,Colombia,Latin America and Caribbean,37,6.125,0.985,0.47,0.099,0.841
505,2019,Slovenia,Central and Eastern Europe,38,6.118,1.258,0.564,0.144,0.953
506,2019,Nicaragua,Latin America and Caribbean,39,6.105,0.694,0.435,0.2,0.835
507,2019,Kosovo,Central and Eastern Europe,40,6.1,0.882,0.489,0.262,0.758
508,2019,Argentina,Latin America and Caribbean,41,6.086,1.092,0.471,0.066,0.881
509,2019,Romania,Central and Eastern Europe,42,6.07,1.162,0.462,0.083,0.825
510,2019,Cyprus,Western Europe,43,6.046,1.263,0.406,0.19,1.042
511,2019,Ecuador,Latin America and Caribbean,44,6.028,0.912,0.498,0.126,0.868
512,2019,Thailand,Southeastern Asia,45,6.008,1.05,0.557,0.359,0.828
513,2019,Latvia,Central and Eastern Europe,46,5.94,1.187,0.264,0.075,0.812
514,2019,South Korea,Eastern Asia,47,5.895,1.301,0.159,0.175,1.036
515,2019,Estonia,Central and Eastern Europe,48,5.893,1.237,0.495,0.103,0.874
516,2019,Jamaica,Latin America and Caribbean,49,5.89,0.831,0.49,0.107,0.831
517,2019,Mauritius,Sub-Saharan Africa,50,5.888,1.12,0.498,0.215,0.798
518,2019,Japan,Eastern Asia,51,5.886,1.327,0.445,0.069,1.088
519,2019,Honduras,Latin America and Caribbean,52,5.86,0.642,0.507,0.246,0.828
520,2019,Kazakhstan,Central and Eastern Europe,53,5.809,1.173,0.41,0.146,0.729
521,2019,Bolivia,Latin America and Caribbean,54,5.779,0.776,0.511,0.137,0.706
522,2019,Hungary,Central and Eastern Europe,55,5.758,1.201,0.199,0.081,0.828
523,2019,Paraguay,Latin America and Caribbean,56,5.743,0.855,0.514,0.184,0.777
524,2019,Peru,Latin America and Caribbean,57,5.697,0.96,0.455,0.083,0.854
525,2019,Portugal,Western Europe,58,5.693,1.221,0.508,0.047,0.999
526,2019,Pakistan,Southern Asia,59,5.653,0.677,0.313,0.22,0.535
527,2019,Russia,Central and Eastern Europe,60,5.648,1.183,0.334,0.082,0.726
528,2019,Philippines,Southeastern Asia,61,5.631,0.807,0.558,0.117,0.657
529,2019,Serbia,Central and Eastern Europe,62,5.603,1.004,0.282,0.137,0.854
530,2019,Moldova,Central and Eastern Europe,63,5.529,0.685,0.245,0.181,0.739
531,2019,Montenegro,Central and Eastern Europe,64,5.523,1.051,0.197,0.142,0.871
532,2019,Tajikistan,Central and Eastern Europe,65,5.467,0.493,0.389,0.23,0.718
533,2019,Croatia,Central and Eastern Europe,66,5.432,1.155,0.296,0.119,0.914
534,2019,Dominican Republic,Latin America and Caribbean,67,5.425,1.015,0.497,0.113,0.779
535,2019,Bosnia and Herzegovina,Central and Eastern Europe,68,5.386,0.945,0.212,0.263,0.845
536,2019,Turkey,Middle East and Northern Africa,69,5.373,1.183,0.195,0.083,0.808
537,2019,Malaysia,Southeastern Asia,70,5.339,1.221,0.508,0.26,0.828
538,2019,Greece,Western Europe,71,5.287,1.181,0.067,0.0,0.999
539,2019,Mongolia,Eastern Asia,72,5.285,0.948,0.317,0.235,0.667
540,2019,Nigeria,Sub-Saharan Africa,73,5.265,0.696,0.426,0.215,0.245
541,2019,Kyrgyzstan,Central and Eastern Europe,74,5.261,0.551,0.508,0.3,0.723
542,2019,Algeria,Middle East and Northern Africa,75,5.211,1.002,0.086,0.073,0.785
543,2019,Morocco,Middle East and Northern Africa,76,5.208,0.801,0.418,0.036,0.782
544,2019,Lebanon,Middle East and Northern Africa,77,5.197,0.987,0.216,0.166,0.815
545,2019,Indonesia,Southeastern Asia,78,5.192,0.931,0.491,0.498,0.66
546,2019,China,Eastern Asia,79,5.191,1.029,0.521,0.058,0.893
547,2019,Vietnam,Southeastern Asia,80,5.175,0.741,0.543,0.147,0.851
548,2019,Cameroon,Sub-Saharan Africa,81,5.044,0.549,0.381,0.187,0.331
549,2019,Bulgaria,Central and Eastern Europe,82,5.011,1.092,0.311,0.081,0.815
550,2019,Ghana,Sub-Saharan Africa,83,4.996,0.611,0.381,0.245,0.486
551,2019,Ivory Coast,Sub-Saharan Africa,84,4.944,0.569,0.352,0.154,0.232
552,2019,Nepal,Southern Asia,85,4.913,0.446,0.439,0.285,0.677
553,2019,Jordan,Middle East and Northern Africa,86,4.906,0.837,0.383,0.11,0.815
554,2019,Benin,Sub-Saharan Africa,87,4.883,0.393,0.349,0.175,0.397
555,2019,Gabon,Sub-Saharan Africa,88,4.799,1.057,0.295,0.043,0.571
556,2019,South Africa,Sub-Saharan Africa,89,4.722,0.96,0.389,0.13,0.469
557,2019,Albania,Central and Eastern Europe,90,4.719,0.947,0.383,0.178,0.874
558,2019,Venezuela,Latin America and Caribbean,91,4.707,0.96,0.154,0.064,0.805
559,2019,Cambodia,Southeastern Asia,92,4.7,0.574,0.609,0.232,0.637
560,2019,Senegal,Sub-Saharan Africa,93,4.681,0.45,0.292,0.153,0.571
561,2019,Burkina Faso,Sub-Saharan Africa,94,4.587,0.331,0.255,0.177,0.38
562,2019,Armenia,Central and Eastern Europe,95,4.559,0.85,0.283,0.095,0.815
563,2019,Iran,Middle East and Northern Africa,96,4.548,1.1,0.305,0.27,0.785
564,2019,Guinea,Sub-Saharan Africa,97,4.534,0.38,0.332,0.207,0.375
565,2019,Georgia,Central and Eastern Europe,98,4.519,0.886,0.346,0.043,0.752
566,2019,Kenya,Sub-Saharan Africa,99,4.509,0.512,0.431,0.372,0.581
567,2019,Tunisia,Middle East and Northern Africa,100,4.461,0.921,0.167,0.059,0.815
568,2019,Bangladesh,Southern Asia,101,4.456,0.562,0.527,0.166,0.723
569,2019,Iraq,Middle East and Northern Africa,102,4.437,1.043,0.241,0.148,0.574
570,2019,Mali,Sub-Saharan Africa,103,4.39,0.385,0.327,0.153,0.308
571,2019,Sierra Leone,Sub-Saharan Africa,104,4.374,0.268,0.309,0.252,0.242
572,2019,Sri Lanka,Southern Asia,105,4.366,0.949,0.47,0.244,0.831
573,2019,Myanmar,Southeastern Asia,106,4.36,0.71,0.525,0.566,0.555
574,2019,Ukraine,Central and Eastern Europe,107,4.332,0.82,0.178,0.187,0.739
575,2019,Ethiopia,Sub-Saharan Africa,108,4.286,0.336,0.344,0.209,0.532
576,2019,Uganda,Sub-Saharan Africa,109,4.189,0.332,0.356,0.252,0.443
577,2019,Egypt,Middle East and Northern Africa,110,4.166,0.913,0.241,0.076,0.644
578,2019,Zambia,Sub-Saharan Africa,111,4.107,0.578,0.431,0.247,0.426
579,2019,Togo,Sub-Saharan Africa,112,4.085,0.275,0.293,0.177,0.41
580,2019,India,Southern Asia,113,4.015,0.755,0.498,0.2,0.588
581,2019,Zimbabwe,Sub-Saharan Africa,114,3.663,0.366,0.361,0.151,0.433
582,2019,Malawi,Sub-Saharan Africa,115,3.41,0.191,0.443,0.218,0.495
583,2019,Tanzania,Sub-Saharan Africa,116,3.231,0.476,0.417,0.276,0.499
584,2019,Afghanistan,Southern Asia,117,3.203,0.35,0.0,0.158,0.361
585,2020,Finland,Western Europe,1,7.808700085,1.285189509,0.949172199,-0.059482019,71.9008255
586,2020,Denmark,Western Europe,2,7.645599842,1.326948524,0.951444268,0.066201776,72.40250397
587,2020,Switzerland,Western Europe,3,7.559899807,1.39077425,0.921336651,0.105911039,74.10244751
588,2020,Iceland,Western Europe,4,7.504499912,1.326501608,0.948891878,0.246944219,73.0
589,2020,Norway,Western Europe,5,7.487999916,1.42420733,0.955750287,0.13453263,73.20078278
590,2020,Netherlands,Western Europe,6,7.448900223,1.338946342,0.908547819,0.20761244,72.30091858
591,2020,Sweden,Western Europe,7,7.353499889,1.322235227,0.939144194,0.111614622,72.60076904
592,2020,New Zealand,Australia and New Zealand,8,7.299600124,1.242317915,0.936217487,0.191598073,73.20262909
593,2020,Austria,Western Europe,9,7.294199944,1.317285538,0.899989486,0.085429221,73.00250244
594,2020,Canada,North America,10,7.23210001,1.301647663,0.933913231,0.124770768,73.60160065
595,2020,Australia,Australia and New Zealand,11,7.222799778,1.310396433,0.915431738,0.19046016,73.60453796
596,2020,United Kingdom,Western Europe,12,7.164500237,1.273061037,0.834743679,0.263732493,72.30160522
597,2020,Israel,Middle East and Northern Africa,13,7.128600121,1.216463685,0.747580588,0.10259372,73.20025635
598,2020,Costa Rica,Latin America and Caribbean,14,7.121399879,0.981107712,0.934738934,-0.10242971,71.29985046
599,2020,Ireland,Western Europe,15,7.093699932,1.446886778,0.886982977,0.145784974,72.30078888
600,2020,Germany,Western Europe,16,7.075799942,1.314184546,0.867371082,0.080179386,72.20201874
601,2020,United States,North America,17,6.939599991,1.37398684,0.842619538,0.149891734,68.29949951
602,2020,Belgium,Western Europe,18,6.863500118,1.295842767,0.813582063,-0.078691199,72.00164795
603,2020,United Arab Emirates,Middle East and Northern Africa,19,6.790800095,1.431086421,0.941345513,0.123450845,67.08278656
604,2020,Malta,Western Europe,20,6.772799969,1.252513289,0.924911439,0.214965805,72.19999695
605,2020,France,Western Europe,21,6.663799763,1.268129349,0.825467646,-0.130641967,73.80193329
606,2020,Mexico,Latin America and Caribbean,22,6.465000153,1.024387479,0.858709276,-0.175266623,68.29902649
607,2020,Uruguay,Latin America and Caribbean,23,6.440100193,1.071000457,0.892395437,-0.101103112,69.00254822
608,2020,Saudi Arabia,Middle East and Northern Africa,24,6.406499863,1.334328532,0.854191244,-0.168695062,66.30514526
609,2020,Spain,Western Europe,25,6.400899887,1.230535269,0.751989543,-0.050961714,74.40270996
610,2020,Italy,Western Europe,26,6.38740015,1.236396074,0.66465199,-0.043460999,73.60168457
611,2020,Singapore,Southeastern Asia,27,6.377099991,1.519580126,0.926645339,0.029879224,76.80458069
612,2020,Brazil,Latin America and Caribbean,28,6.375599861,0.952679873,0.799804807,-0.101812392,66.48016357
613,2020,Slovenia,Central and Eastern Europe,29,6.363399982,1.208652496,0.936142623,-0.080603383,71.1029892
614,2020,El Salvador,Latin America and Caribbean,30,6.34829998,0.748940408,0.833805263,-0.121072978,66.10826111
615,2020,Kosovo,Central and Eastern Europe,31,6.325200081,0.840481341,0.861535907,0.190933764,63.88555527
616,2020,Panama,Latin America and Caribbean,32,6.304800034,1.097667813,0.880366504,-0.153927714,69.60301208
617,2020,Slovakia,Central and Eastern Europe,33,6.280600071,1.194837689,0.749952674,-0.124409303,68.90634155
618,2020,Uzbekistan,Central and Eastern Europe,34,6.257599831,0.696652949,0.974998116,0.248427153,65.10757446
619,2020,Chile,Latin America and Caribbean,35,6.228499889,1.096992493,0.744896293,-0.065668367,69.90061951
620,2020,Bahrain,Middle East and Northern Africa,36,6.227300167,1.296692252,0.905855775,0.13372919,68.5
621,2020,Lithuania,Central and Eastern Europe,37,6.215499878,1.193559647,0.747381449,-0.219725296,67.29407501
622,2020,Poland,Central and Eastern Europe,38,6.186299801,1.16922915,0.862055779,-0.205084071,69.31113434
623,2020,Colombia,Latin America and Caribbean,39,6.163400173,0.93220371,0.836179912,-0.161235645,67.69958496
624,2020,Cyprus,Western Europe,40,6.15899992,1.21279943,0.779858291,0.043731496,73.70222473
625,2020,Nicaragua,Latin America and Caribbean,41,6.13710022,0.620033145,0.863902867,0.020959141,67.50717926
626,2020,Romania,Central and Eastern Europe,42,6.123700142,1.120401621,0.842823207,-0.19781521,67.20723724
627,2020,Mauritius,Sub-Saharan Africa,43,6.101299763,1.07366395,0.889534533,-0.018318573,66.40434265
628,2020,Kazakhstan,Central and Eastern Europe,44,6.057899952,1.122594237,0.811601937,-0.068488635,64.60996246
629,2020,Estonia,Central and Eastern Europe,45,6.021800041,1.192441225,0.87770915,-0.111697771,68.60495758
630,2020,Philippines,Southeastern Asia,46,6.006000042,0.775120676,0.915463448,-0.105463006,61.92676163
631,2020,Hungary,Central and Eastern Europe,47,6.000400066,1.164307117,0.718964577,-0.194323018,67.60997009
632,2020,Thailand,Southeastern Asia,48,5.998799801,1.007029295,0.905063033,0.268685192,67.25059509
633,2020,Argentina,Latin America and Caribbean,49,5.974699974,1.028465629,0.831132412,-0.194913864,68.80380249
634,2020,Honduras,Latin America and Caribbean,50,5.953199863,0.598763585,0.870603263,0.086969115,67.19876862
635,2020,Latvia,Central and Eastern Europe,51,5.949999809,1.14139545,0.671237648,-0.186888844,66.8074646
636,2020,Ecuador,Latin America and Caribbean,52,5.925199986,0.853383601,0.859828949,-0.127014965,68.50003815
637,2020,Portugal,Western Europe,53,5.910900116,1.168800831,0.888747811,-0.220714301,72.40202332
638,2020,Jamaica,Latin America and Caribbean,54,5.889800072,0.779058397,0.858068526,-0.125106767,67.09999847
639,2020,South Korea,Eastern Asia,55,5.872399807,1.245300651,0.612965107,-0.043404032,73.6027298
640,2020,Japan,Eastern Asia,56,5.870800018,1.26672411,0.809961379,-0.246910349,75.00096893
641,2020,Peru,Latin America and Caribbean,57,5.796800137,0.91854918,0.824766099,-0.16238822,68.10023499
642,2020,Serbia,Central and Eastern Europe,58,5.77820015,0.988181829,0.726495862,-0.073676221,68.21020508
643,2020,Bolivia,Latin America and Caribbean,59,5.747499943,0.730976343,0.875873327,-0.09168113,63.6004715
644,2020,Pakistan,Southern Asia,60,5.69329977,0.616799474,0.734833717,0.04489987,58.25313568
645,2020,Paraguay,Latin America and Caribbean,61,5.692100048,0.897990823,0.885923445,0.007997713,65.63993835
646,2020,Dominican Republic,Latin America and Caribbean,62,5.689199924,0.983191848,0.866202772,-0.131263286,65.80748749
647,2020,Bosnia and Herzegovina,Central and Eastern Europe,63,5.674099922,0.91839546,0.651352704,0.098274559,67.80813599
648,2020,Moldova,Central and Eastern Europe,64,5.607500076,0.707916796,0.721609175,-0.037741039,65.01301575
649,2020,Tajikistan,Central and Eastern Europe,65,5.555699825,0.474874616,0.831383407,-0.025088511,64.10459137
650,2020,Montenegro,Central and Eastern Europe,66,5.54610014,1.010150075,0.649565637,-0.075600356,68.50534821
651,2020,Russia,Central and Eastern Europe,67,5.546000004,1.126999617,0.729892612,-0.151153743,64.10045624
652,2020,Kyrgyzstan,Central and Eastern Europe,68,5.541500092,0.513180971,0.909374893,0.154772058,64.10601044
653,2020,Greece,Western Europe,69,5.514999866,1.128070116,0.541345119,-0.300907373,72.40525818
654,2020,Croatia,Central and Eastern Europe,70,5.504700184,1.109024286,0.714838803,-0.128538325,70.21490479
655,2020,Mongolia,Eastern Asia,71,5.456200123,0.904872775,0.693351328,0.098093867,62.30448532
656,2020,Malaysia,Southeastern Asia,72,5.384300232,1.168421626,0.894626856,0.114726797,67.10215759
657,2020,Vietnam,Southeastern Asia,73,5.353499889,0.718092382,0.939592957,-0.094533332,67.9527359
658,2020,Indonesia,Southeastern Asia,74,5.285600185,0.891720712,0.870614409,0.519586504,62.15584946
659,2020,Ivory Coast,Sub-Saharan Africa,75,5.233300209,0.537094414,0.727909327,-0.043991156,49.50377274
660,2020,Benin,Sub-Saharan Africa,76,5.21600008,0.366244704,0.735182583,-0.003537213,54.31246567
661,2020,Ghana,Sub-Saharan Africa,77,5.147999763,0.575862467,0.794796526,0.094170853,57.20398712
662,2020,Nepal,Southern Asia,78,5.137199879,0.444050372,0.797565043,0.154168829,63.77917862
663,2020,Turkey,Middle East and Northern Africa,79,5.131800175,1.127169251,0.608830452,-0.171046436,66.90281677
664,2020,China,Eastern Asia,80,5.123899937,0.990533412,0.898517907,-0.18142575,69.2891922
665,2020,Bulgaria,Central and Eastern Europe,81,5.101500034,1.046554685,0.745178163,-0.143908441,66.80397797
666,2020,Morocco,Middle East and Northern Africa,82,5.094799995,0.75862211,0.772072434,-0.240377247,65.89624023
667,2020,Cameroon,Sub-Saharan Africa,83,5.084899902,0.503958046,0.763051808,-0.00149645,52.7049408
668,2020,Venezuela,Latin America and Caribbean,84,5.053199768,0.770238638,0.62327832,-0.169090509,66.50534058
669,2020,Algeria,Middle East and Northern Africa,85,5.005099773,0.943856001,0.466610909,-0.121105164,65.90517426
670,2020,Senegal,Sub-Saharan Africa,86,4.980800152,0.504061818,0.690596163,-0.052335154,59.59915161
671,2020,Guinea,Sub-Saharan Africa,87,4.949299812,0.390007734,0.706846774,0.076328471,54.46780014
672,2020,Albania,Central and Eastern Europe,88,4.882699966,0.906653047,0.781994224,-0.042309489,68.70813751
673,2020,Cambodia,Southeastern Asia,89,4.848400116,0.544634938,0.959704638,0.051911179,61.52996826
674,2020,Bangladesh,Southern Asia,90,4.832799911,0.556156278,0.90062499,-0.033664726,64.50306702
675,2020,Gabon,Sub-Saharan Africa,91,4.829299927,0.988044381,0.704829216,-0.222261623,59.71533966
676,2020,South Africa,Sub-Saharan Africa,92,4.814099789,0.902140439,0.759330094,-0.109777324,56.50601196
677,2020,Iraq,Middle East and Northern Africa,93,4.784800053,0.982018709,0.633182645,-0.06956476,59.90354919
678,2020,Lebanon,Middle East and Northern Africa,94,4.771500111,0.889232516,0.551357508,-0.06121527,67.10658264
679,2020,Burkina Faso,Sub-Saharan Africa,95,4.768700123,0.302467644,0.665563583,-0.019080516,53.88945389
680,2020,Mali,Sub-Saharan Africa,96,4.729300022,0.352462649,0.71156615,-0.044366926,51.72698212
681,2020,Nigeria,Sub-Saharan Africa,97,4.724100113,0.645901859,0.759578407,0.033745807,49.86190796
682,2020,Armenia,Central and Eastern Europe,98,4.676799774,0.808262408,0.712017834,-0.13877961,66.75065613
683,2020,Georgia,Central and Eastern Europe,99,4.672599792,0.847198069,0.801641524,-0.22892037,64.49520874
684,2020,Iran,Middle East and Northern Africa,100,4.672399998,1.029322505,0.647873282,0.117891103,66.00614929
685,2020,Jordan,Middle East and Northern Africa,101,4.633399963,0.785179198,0.75104779,-0.162565202,66.79975128
686,2020,Kenya,Sub-Saharan Africa,102,4.583000183,0.476413399,0.829747558,0.294681519,60.09693146
687,2020,Ukraine,Central and Eastern Europe,103,4.56069994,0.780434608,0.663081884,-0.030933706,64.60678101
688,2020,Uganda,Sub-Saharan Africa,104,4.43200016,0.312337428,0.731713951,0.099487431,55.70820236
689,2020,Tunisia,Middle East and Northern Africa,105,4.392199993,0.874742687,0.593361557,-0.216413811,66.89785767
690,2020,Sri Lanka,Southern Asia,106,4.327000141,0.897986948,0.837633669,0.081129618,67.20006561
691,2020,Myanmar,Southeastern Asia,107,4.308000088,0.67809093,0.895075202,0.560663998,58.96171188
692,2020,Togo,Sub-Saharan Africa,108,4.187200069,0.268116266,0.649828613,0.002667875,54.71989822
693,2020,Ethiopia,Sub-Saharan Africa,109,4.186200142,0.315125644,0.740795195,0.043377332,58.63959122
694,2020,Egypt,Middle East and Northern Africa,110,4.151400089,0.875228941,0.708354175,-0.196878314,61.78015137
695,2020,Sierra Leone,Sub-Saharan Africa,111,3.926399946,0.240560383,0.715315044,0.088660747,50.86514282
696,2020,Zambia,Sub-Saharan Africa,112,3.759399891,0.536833763,0.806500256,0.078037128,55.29937744
697,2020,India,Southern Asia,113,3.573299885,0.730576158,0.881444871,0.057551607,60.21518707
698,2020,Malawi,Sub-Saharan Africa,114,3.538000107,0.176534727,0.803223193,0.021433279,57.59288788
699,2020,Tanzania,Sub-Saharan Africa,115,3.476200104,0.457163125,0.82153976,0.109668687,57.49607468
700,2020,Zimbabwe,Sub-Saharan Africa,116,3.299200058,0.425564021,0.711457908,-0.072063953,55.61725998
701,2020,Afghanistan,Southern Asia,117,2.566900015,0.30070585,0.396573007,-0.0964294,52.59000015
702,2021,Finland,Western Europe,1,7.842,1.446,0.949,-0.098,72.0
703,2021,Denmark,Western Europe,2,7.62,1.502,0.946,0.03,72.7
704,2021,Switzerland,Western Europe,3,7.571,1.566,0.919,0.025,74.4
705,2021,Iceland,Western Europe,4,7.554,1.482,0.955,0.16,73.0
706,2021,Netherlands,Western Europe,5,7.464,1.501,0.913,0.175,72.4
707,2021,Norway,Western Europe,6,7.392,1.543,0.96,0.093,73.3
708,2021,Sweden,Western Europe,7,7.363,1.478,0.945,0.086,72.7
709,2021,New Zealand,Australia and New Zealand,8,7.277,1.4,0.929,0.134,73.4
710,2021,Austria,Western Europe,9,7.268,1.492,0.908,0.042,73.3
711,2021,Australia,Australia and New Zealand,10,7.183,1.453,0.914,0.159,73.9
712,2021,Israel,Middle East and Northern Africa,11,7.157,1.376,0.8,0.031,73.503
713,2021,Germany,Western Europe,12,7.155,1.48,0.875,0.011,72.5
714,2021,Canada,North America,13,7.103,1.447,0.915,0.089,73.8
715,2021,Ireland,Western Europe,14,7.085,1.644,0.879,0.077,72.4
716,2021,Costa Rica,Latin America and Caribbean,15,7.069,1.134,0.934,-0.126,71.4
717,2021,United Kingdom,Western Europe,16,7.064,1.423,0.859,0.233,72.5
718,2021,United States,North America,17,6.951,1.533,0.837,0.098,68.2
719,2021,Belgium,Western Europe,18,6.834,1.463,0.783,-0.153,72.199
720,2021,France,Western Europe,19,6.69,1.421,0.822,-0.147,74.0
721,2021,Bahrain,Middle East and Northern Africa,20,6.647,1.409,0.925,0.089,69.495
722,2021,Malta,Western Europe,21,6.602,1.411,0.927,0.133,72.2
723,2021,United Arab Emirates,Middle East and Northern Africa,22,6.561,1.555,0.932,0.074,67.333
724,2021,Saudi Arabia,Middle East and Northern Africa,23,6.494,1.435,0.877,-0.149,66.603
725,2021,Spain,Western Europe,24,6.491,1.375,0.761,-0.081,74.7
726,2021,Italy,Western Europe,25,6.483,1.393,0.693,-0.084,73.8
727,2021,Slovenia,Central and Eastern Europe,26,6.461,1.36,0.949,-0.101,71.4
728,2021,Uruguay,Latin America and Caribbean,27,6.431,1.164,0.896,-0.092,69.1
729,2021,Singapore,Southeastern Asia,28,6.377,1.695,0.927,-0.018,76.953
730,2021,Kosovo,Central and Eastern Europe,29,6.372,0.937,0.869,0.257,63.813
731,2021,Slovakia,Central and Eastern Europe,30,6.331,1.304,0.766,-0.124,69.201
732,2021,Brazil,Latin America and Caribbean,31,6.33,1.028,0.804,-0.071,66.601
733,2021,Mexico,Latin America and Caribbean,32,6.317,1.126,0.862,-0.147,68.597
734,2021,Jamaica,Latin America and Caribbean,33,6.309,0.891,0.89,-0.137,67.5
735,2021,Lithuania,Central and Eastern Europe,34,6.255,1.35,0.773,-0.203,67.906
736,2021,Cyprus,Western Europe,35,6.223,1.377,0.763,-0.015,73.898
737,2021,Estonia,Central and Eastern Europe,36,6.189,1.344,0.909,-0.106,68.8
738,2021,Panama,Latin America and Caribbean,37,6.18,1.298,0.872,-0.166,69.652
739,2021,Uzbekistan,Central and Eastern Europe,38,6.179,0.769,0.97,0.311,65.255
740,2021,Chile,Latin America and Caribbean,39,6.172,1.2,0.742,-0.044,70.0
741,2021,Poland,Central and Eastern Europe,40,6.166,1.309,0.841,-0.165,69.702
742,2021,Kazakhstan,Central and Eastern Europe,41,6.152,1.23,0.853,-0.069,65.2
743,2021,Romania,Central and Eastern Europe,42,6.14,1.275,0.845,-0.219,67.355
744,2021,Serbia,Central and Eastern Europe,43,6.078,1.101,0.778,0.002,68.6
745,2021,El Salvador,Latin America and Caribbean,44,6.061,0.845,0.888,-0.11,66.402
746,2021,Mauritius,Sub-Saharan Africa,45,6.049,1.178,0.867,-0.054,66.701
747,2021,Latvia,Central and Eastern Europe,46,6.032,1.285,0.715,-0.162,67.1
748,2021,Colombia,Latin America and Caribbean,47,6.012,1.021,0.837,-0.135,68.001
749,2021,Hungary,Central and Eastern Europe,48,5.992,1.301,0.755,-0.186,68.0
750,2021,Thailand,Southeastern Asia,49,5.985,1.107,0.884,0.287,67.401
751,2021,Nicaragua,Latin America and Caribbean,50,5.972,0.693,0.836,0.02,67.657
752,2021,Japan,Eastern Asia,51,5.94,1.389,0.796,-0.258,75.1
753,2021,Argentina,Latin America and Caribbean,52,5.929,1.162,0.828,-0.182,69.0
754,2021,Portugal,Western Europe,53,5.929,1.323,0.892,-0.244,72.6
755,2021,Honduras,Latin America and Caribbean,54,5.919,0.703,0.857,0.081,67.3
756,2021,Croatia,Central and Eastern Europe,55,5.882,1.251,0.754,-0.118,70.799
757,2021,Philippines,Southeastern Asia,56,5.88,0.853,0.917,-0.097,62.0
758,2021,South Korea,Eastern Asia,57,5.845,1.403,0.672,-0.083,73.9
759,2021,Peru,Latin America and Caribbean,58,5.84,0.986,0.822,-0.154,68.25
760,2021,Bosnia and Herzegovina,Central and Eastern Europe,59,5.813,1.032,0.706,0.113,68.098
761,2021,Moldova,Central and Eastern Europe,60,5.766,0.985,0.822,-0.079,65.699
762,2021,Ecuador,Latin America and Caribbean,61,5.764,0.935,0.842,-0.124,68.8
763,2021,Kyrgyzstan,Central and Eastern Europe,62,5.744,0.665,0.935,0.119,64.401
764,2021,Greece,Western Europe,63,5.723,1.273,0.582,-0.288,72.6
765,2021,Bolivia,Latin America and Caribbean,64,5.716,0.842,0.875,-0.077,63.901
766,2021,Mongolia,Eastern Asia,65,5.677,0.966,0.708,0.116,62.5
767,2021,Paraguay,Latin America and Caribbean,66,5.653,0.983,0.876,0.028,65.9
768,2021,Montenegro,Central and Eastern Europe,67,5.581,1.155,0.708,-0.034,68.699
769,2021,Dominican Republic,Latin America and Caribbean,68,5.545,1.106,0.86,-0.133,66.102
770,2021,Russia,Central and Eastern Europe,69,5.477,1.241,0.718,-0.111,64.703
771,2021,Tajikistan,Central and Eastern Europe,70,5.466,0.508,0.832,-0.056,64.281
772,2021,Vietnam,Southeastern Asia,71,5.411,0.817,0.94,-0.098,68.034
773,2021,Malaysia,Southeastern Asia,72,5.384,1.259,0.895,0.125,67.102
774,2021,Indonesia,Southeastern Asia,73,5.345,0.954,0.873,0.542,62.236
775,2021,China,Eastern Asia,74,5.339,1.061,0.904,-0.146,69.593
776,2021,Ivory Coast,Sub-Saharan Africa,75,5.306,0.669,0.741,-0.016,50.114
777,2021,Armenia,Central and Eastern Europe,76,5.283,0.996,0.825,-0.168,67.055
778,2021,Nepal,Southern Asia,77,5.269,0.519,0.782,0.152,64.233
779,2021,Bulgaria,Central and Eastern Europe,78,5.266,1.181,0.788,-0.096,67.0
780,2021,Cameroon,Sub-Saharan Africa,79,5.142,0.543,0.731,0.026,53.515
781,2021,Senegal,Sub-Saharan Africa,80,5.132,0.518,0.695,-0.046,59.802
782,2021,Albania,Central and Eastern Europe,81,5.117,1.008,0.785,-0.03,68.999
783,2021,Ghana,Sub-Saharan Africa,82,5.088,0.68,0.807,0.123,57.586
784,2021,Benin,Sub-Saharan Africa,83,5.045,0.507,0.757,-0.034,54.713
785,2021,Bangladesh,Southern Asia,84,5.025,0.635,0.877,-0.041,64.8
786,2021,Guinea,Sub-Saharan Africa,85,4.984,0.42,0.697,0.095,55.008
787,2021,South Africa,Sub-Saharan Africa,86,4.956,0.967,0.749,-0.067,56.904
788,2021,Turkey,Middle East and Northern Africa,87,4.948,1.26,0.576,-0.139,67.199
789,2021,Pakistan,Southern Asia,88,4.934,0.637,0.726,0.098,58.709
790,2021,Morocco,Middle East and Northern Africa,89,4.918,0.792,0.774,-0.236,66.208
791,2021,Venezuela,Latin America and Caribbean,90,4.892,0.852,0.615,-0.169,66.7
792,2021,Georgia,Central and Eastern Europe,91,4.891,1.03,0.783,-0.238,64.3
793,2021,Algeria,Middle East and Northern Africa,92,4.887,0.946,0.48,-0.067,66.005
794,2021,Ukraine,Central and Eastern Europe,93,4.875,0.979,0.724,-0.011,64.902
795,2021,Iraq,Middle East and Northern Africa,94,4.854,0.91,0.63,-0.053,60.583
796,2021,Gabon,Sub-Saharan Africa,95,4.852,1.037,0.731,-0.2,59.962
797,2021,Burkina Faso,Sub-Saharan Africa,96,4.834,0.364,0.695,-0.009,54.151
798,2021,Cambodia,Southeastern Asia,97,4.83,0.603,0.959,0.034,62.0
799,2021,Nigeria,Sub-Saharan Africa,98,4.759,0.663,0.737,0.037,50.102
800,2021,Mali,Sub-Saharan Africa,99,4.723,0.387,0.697,-0.036,51.969
801,2021,Iran,Middle East and Northern Africa,100,4.721,1.03,0.608,0.218,66.3
802,2021,Uganda,Sub-Saharan Africa,101,4.636,0.364,0.709,0.122,56.101
803,2021,Kenya,Sub-Saharan Africa,102,4.607,0.603,0.779,0.287,60.704
804,2021,Tunisia,Middle East and Northern Africa,103,4.596,0.919,0.656,-0.201,67.201
805,2021,Lebanon,Middle East and Northern Africa,104,4.584,1.045,0.525,-0.073,67.355
806,2021,Myanmar,Southeastern Asia,105,4.426,0.666,0.876,0.509,59.302
807,2021,Jordan,Middle East and Northern Africa,106,4.395,0.89,0.755,-0.167,67.0
808,2021,Sri Lanka,Southern Asia,107,4.325,0.99,0.841,0.079,67.299
809,2021,Egypt,Middle East and Northern Africa,108,4.283,0.954,0.749,-0.182,61.998
810,2021,Ethiopia,Sub-Saharan Africa,109,4.275,0.37,0.752,0.082,59.0
811,2021,Togo,Sub-Saharan Africa,110,4.107,0.254,0.619,0.032,54.914
812,2021,Zambia,Sub-Saharan Africa,111,4.073,0.528,0.782,0.061,55.809
813,2021,Sierra Leone,Sub-Saharan Africa,112,3.849,0.279,0.717,0.084,51.651
814,2021,India,Southern Asia,113,3.819,0.741,0.893,0.089,60.633
815,2021,Tanzania,Sub-Saharan Africa,114,3.623,0.433,0.833,0.183,57.999
816,2021,Malawi,Sub-Saharan Africa,115,3.6,0.113,0.78,0.038,57.948
817,2021,Zimbabwe,Sub-Saharan Africa,116,3.145,0.457,0.677,-0.047,56.201
818,2021,Afghanistan,Southern Asia,117,2.523,0.37,0.382,-0.102,52.493
819,2022,Finland,Western Europe,1,7.821,1.892,0.736,0.109,0.775
820,2022,Denmark,Western Europe,2,7.636,1.953,0.719,0.188,0.777
821,2022,Iceland,Western Europe,3,7.557,1.936,0.718,0.27,0.803
822,2022,Switzerland,Western Europe,4,7.512,2.026,0.677,0.147,0.822
823,2022,Netherlands,Western Europe,5,7.415,1.945,0.651,0.271,0.787
824,2022,Sweden,Western Europe,6,7.384,1.92,0.724,0.218,0.803
825,2022,Norway,Western Europe,7,7.365,1.997,0.728,0.217,0.786
826,2022,Israel,Middle East and Northern Africa,8,7.364,1.826,0.568,0.155,0.818
827,2022,New Zealand,Australia and New Zealand,9,7.2,1.852,0.68,0.245,0.752
828,2022,Austria,Western Europe,10,7.163,1.931,0.623,0.193,0.774
829,2022,Australia,Australia and New Zealand,11,7.162,1.9,0.676,0.258,0.772
830,2022,Ireland,Western Europe,12,7.041,2.129,0.627,0.19,0.779
831,2022,Germany,Western Europe,13,7.034,1.924,0.585,0.163,0.776
832,2022,Canada,North America,14,7.025,1.886,0.659,0.217,0.783
833,2022,United States,North America,15,6.977,1.982,0.574,0.22,0.628
834,2022,United Kingdom,Western Europe,16,6.943,1.867,0.597,0.289,0.75
835,2022,Belgium,Western Europe,17,6.805,1.907,0.492,0.049,0.764
836,2022,France,Western Europe,18,6.687,1.863,0.567,0.07,0.808
837,2022,Bahrain,Middle East and Northern Africa,19,6.647,1.854,0.693,0.199,0.625
838,2022,Slovenia,Central and Eastern Europe,20,6.63,1.81,0.685,0.118,0.769
839,2022,Costa Rica,Latin America and Caribbean,21,6.582,1.584,0.661,0.089,0.744
840,2022,United Arab Emirates,Middle East and Northern Africa,22,6.576,1.998,0.702,0.204,0.633
841,2022,Saudi Arabia,Middle East and Northern Africa,23,6.523,1.87,0.651,0.078,0.577
842,2022,Singapore,Southeastern Asia,24,6.48,2.149,0.672,0.163,0.851
843,2022,Romania,Central and Eastern Europe,25,6.477,1.719,0.605,0.039,0.655
844,2022,Spain,Western Europe,26,6.476,1.808,0.505,0.101,0.808
845,2022,Uruguay,Latin America and Caribbean,27,6.474,1.615,0.665,0.103,0.672
846,2022,Italy,Western Europe,28,6.467,1.834,0.412,0.085,0.801
847,2022,Kosovo,Central and Eastern Europe,29,6.455,1.362,0.599,0.309,0.569
848,2022,Malta,Western Europe,30,6.447,1.838,0.679,0.174,0.789
849,2022,Lithuania,Central and Eastern Europe,31,6.446,1.804,0.496,0.053,0.659
850,2022,Slovakia,Central and Eastern Europe,32,6.391,1.736,0.479,0.118,0.707
851,2022,Estonia,Central and Eastern Europe,33,6.341,1.793,0.689,0.123,0.728
852,2022,Panama,Latin America and Caribbean,34,6.309,1.715,0.592,0.049,0.709
853,2022,Brazil,Latin America and Caribbean,35,6.293,1.462,0.546,0.131,0.615
854,2022,Kazakhstan,Central and Eastern Europe,36,6.234,1.668,0.584,0.134,0.611
855,2022,Cyprus,Western Europe,37,6.221,1.815,0.448,0.123,0.819
856,2022,Latvia,Central and Eastern Europe,38,6.18,1.732,0.502,0.075,0.637
857,2022,Serbia,Central and Eastern Europe,39,6.178,1.55,0.546,0.219,0.658
858,2022,Chile,Latin America and Caribbean,40,6.172,1.651,0.46,0.124,0.748
859,2022,Nicaragua,Latin America and Caribbean,41,6.165,1.105,0.617,0.168,0.617
860,2022,Mexico,Latin America and Caribbean,42,6.128,1.552,0.621,0.092,0.623
861,2022,Croatia,Central and Eastern Europe,43,6.125,1.705,0.535,0.109,0.709
862,2022,Poland,Central and Eastern Europe,44,6.123,1.758,0.523,0.124,0.712
863,2022,El Salvador,Latin America and Caribbean,45,6.12,1.265,0.666,0.089,0.607
864,2022,Hungary,Central and Eastern Europe,46,6.086,1.748,0.485,0.078,0.668
865,2022,Mauritius,Sub-Saharan Africa,47,6.071,1.591,0.589,0.131,0.568
866,2022,Uzbekistan,Central and Eastern Europe,48,6.063,1.219,0.716,0.283,0.6
867,2022,Japan,Eastern Asia,49,6.039,1.835,0.537,0.007,0.866
868,2022,Honduras,Latin America and Caribbean,50,6.022,1.111,0.582,0.202,0.555
869,2022,Portugal,Western Europe,51,6.016,1.76,0.655,0.016,0.777
870,2022,Argentina,Latin America and Caribbean,52,5.967,1.592,0.555,0.081,0.662
871,2022,Greece,Western Europe,53,5.948,1.703,0.249,0.015,0.774
872,2022,South Korea,Eastern Asia,54,5.935,1.851,0.414,0.111,0.841
873,2022,Philippines,Southeastern Asia,55,5.904,1.268,0.678,0.107,0.514
874,2022,Thailand,Southeastern Asia,56,5.891,1.535,0.617,0.321,0.697
875,2022,Moldova,Central and Eastern Europe,57,5.857,1.417,0.561,0.102,0.597
876,2022,Jamaica,Latin America and Caribbean,58,5.85,1.296,0.567,0.08,0.646
877,2022,Kyrgyzstan,Central and Eastern Europe,59,5.828,1.069,0.693,0.208,0.638
878,2022,Colombia,Latin America and Caribbean,60,5.781,1.452,0.545,0.087,0.72
879,2022,Bosnia and Herzegovina,Central and Eastern Europe,61,5.768,1.468,0.448,0.244,0.665
880,2022,Mongolia,Eastern Asia,62,5.761,1.393,0.398,0.247,0.467
881,2022,Dominican Republic,Latin America and Caribbean,63,5.737,1.538,0.606,0.084,0.577
882,2022,Malaysia,Southeastern Asia,64,5.711,1.689,0.654,0.213,0.62
883,2022,Bolivia,Latin America and Caribbean,65,5.6,1.256,0.627,0.112,0.555
884,2022,China,Eastern Asia,66,5.585,1.508,0.656,0.099,0.705
885,2022,Paraguay,Latin America and Caribbean,67,5.578,1.409,0.629,0.171,0.624
886,2022,Peru,Latin America and Caribbean,68,5.559,1.397,0.545,0.09,0.735
887,2022,Montenegro,Central and Eastern Europe,69,5.547,1.573,0.46,0.135,0.659
888,2022,Ecuador,Latin America and Caribbean,70,5.533,1.352,0.565,0.08,0.708
889,2022,Vietnam,Southeastern Asia,71,5.485,1.252,0.707,0.143,0.611
890,2022,Russia,Central and Eastern Europe,72,5.459,1.685,0.401,0.117,0.586
891,2022,Armenia,Central and Eastern Europe,73,5.399,1.434,0.558,0.054,0.668
892,2022,Tajikistan,Central and Eastern Europe,74,5.377,0.966,0.572,0.118,0.518
893,2022,Nepal,Southern Asia,75,5.377,0.984,0.519,0.237,0.499
894,2022,Bulgaria,Central and Eastern Europe,76,5.371,1.625,0.563,0.123,0.64
895,2022,Indonesia,Southeastern Asia,77,5.24,1.382,0.62,0.468,0.539
896,2022,Ivory Coast,Sub-Saharan Africa,78,5.235,1.094,0.451,0.149,0.322
897,2022,Albania,Central and Eastern Europe,79,5.199,1.439,0.511,0.138,0.719
898,2022,South Africa,Sub-Saharan Africa,80,5.194,1.425,0.442,0.089,0.361
899,2022,Bangladesh,Southern Asia,81,5.155,1.06,0.622,0.125,0.581
900,2022,Algeria,Middle East and Northern Africa,82,5.122,1.363,0.146,0.106,0.643
901,2022,Ukraine,Central and Eastern Europe,83,5.084,1.411,0.473,0.188,0.583
902,2022,Morocco,Middle East and Northern Africa,84,5.06,1.208,0.492,0.02,0.565
903,2022,Cameroon,Sub-Saharan Africa,85,5.048,0.968,0.397,0.152,0.317
904,2022,Senegal,Sub-Saharan Africa,86,5.046,0.933,0.494,0.143,0.447
905,2022,Georgia,Central and Eastern Europe,87,4.973,1.467,0.508,0.0,0.595
906,2022,Gabon,Sub-Saharan Africa,88,4.958,1.459,0.343,0.032,0.396
907,2022,Iraq,Middle East and Northern Africa,89,4.941,1.289,0.328,0.147,0.554
908,2022,Venezuela,Latin America and Caribbean,90,4.925,0.0,0.283,0.225,0.578
909,2022,Guinea,Sub-Saharan Africa,91,4.891,0.848,0.334,0.214,0.275
910,2022,Iran,Middle East and Northern Africa,92,4.888,1.41,0.281,0.241,0.642
911,2022,Ghana,Sub-Saharan Africa,93,4.872,1.112,0.5,0.23,0.409
912,2022,Turkey,Middle East and Northern Africa,94,4.744,1.707,0.209,0.087,0.702
913,2022,Burkina Faso,Sub-Saharan Africa,95,4.67,0.779,0.382,0.186,0.32
914,2022,Cambodia,Southeastern Asia,96,4.64,1.019,0.74,0.166,0.505
915,2022,Benin,Sub-Saharan Africa,97,4.623,0.932,0.479,0.127,0.335
916,2022,Uganda,Sub-Saharan Africa,98,4.603,0.777,0.402,0.222,0.418
917,2022,Nigeria,Sub-Saharan Africa,99,4.552,1.079,0.444,0.175,0.3
918,2022,Kenya,Sub-Saharan Africa,100,4.543,1.032,0.44,0.322,0.401
919,2022,Tunisia,Middle East and Northern Africa,101,4.516,1.35,0.316,0.029,0.656
920,2022,Pakistan,Southern Asia,102,4.516,1.049,0.448,0.181,0.374
921,2022,Mali,Sub-Saharan Africa,103,4.479,0.792,0.35,0.128,0.311
922,2022,Myanmar,Southeastern Asia,104,4.394,1.038,0.513,0.452,0.491
923,2022,Sri Lanka,Southern Asia,105,4.362,1.415,0.529,0.15,0.66
924,2022,Egypt,Middle East and Northern Africa,106,4.288,1.388,0.469,0.041,0.548
925,2022,Ethiopia,Sub-Saharan Africa,107,4.241,0.788,0.472,0.205,0.457
926,2022,Jordan,Middle East and Northern Africa,108,4.152,1.324,0.476,0.058,0.675
927,2022,Togo,Sub-Saharan Africa,109,4.112,0.771,0.292,0.174,0.36
928,2022,India,Southern Asia,110,3.777,1.167,0.647,0.198,0.471
929,2022,Zambia,Sub-Saharan Africa,111,3.76,0.93,0.525,0.203,0.306
930,2022,Malawi,Sub-Saharan Africa,112,3.75,0.648,0.477,0.14,0.388
931,2022,Tanzania,Sub-Saharan Africa,113,3.702,0.848,0.578,0.248,0.425
932,2022,Sierra Leone,Sub-Saharan Africa,114,3.574,0.686,0.387,0.202,0.273
933,2022,Zimbabwe,Sub-Saharan Africa,115,2.995,0.947,0.329,0.106,0.27
934,2022,Lebanon,Middle East and Northern Africa,116,2.955,1.392,0.103,0.082,0.631
935,2022,Afghanistan,Southern Asia,117,2.404,0.758,0.0,0.089,0.289
